id,date,V1,V2,V3,V4,V5,V6,V7,V8,V9,V10,V11,V12,V13,V14,V15,V16,V17,V18,V19,V20
1947733,2021-03-06,Yeni tikili,14 / 17,93.1 m²,2,yoxdur,113 000AZN,vasitəçi (agent),"DEYERINDEN QAT-QAT UCUZ QIYMETE SATILIR. BU BINADA BU QIYMETE MENZIL YOXDUR. . Pilot Layihe ….
Shirketden ucuz….
Nerimanov rayon Təbriz küçəsi PILOT layihe ile insha olunmush yashayish kompleksinde 93.1 kv metr olan 2 otagli menzil satilir.Binada yasayis var temire baslamq olar qaz su isiq dayimidir.Real müşderilere edirim olunacaq.Etrafli zeng edib maraqlana bilersiniz.",9,"Təhsil Nazirliyi 
"," Nərimanov r.
",,,,,,,,,
1947731,2021-03-06,Köhnə tikili,3 / 5,34 m²,1,var,66 000AZN,vasitəçi (agent),"☑️Satilir ! ! !
☑️Nerimanov Metrosu, Mona Liza Sadliq Sarayinin yaninda Ekspermentalni binada 1 otaqli menzil satilir. Menzil butun esyalari ile birlikde satilir. Diger melumatlar ucun zeng edin. Firmanin haqqi 1% dir.",471,"Nəriman Nərimanov m.
"," Nərimanov r.
",,,,,,,,,
1947729,2021-03-06,Yeni tikili,11 / 20,192.3 m²,4,yoxdur,266 000AZN,vasitəçi (agent),"Nesimi rayonu Nesimi Bazarinin yerinde, ""OLYUMPUS MTK"" sirketler qrupunun yeni insha etdiyi kompleksde, 20 mertebeli binanin 11-ci mertebesinde, umumi sahesi 192.25 kv.m olan 4 otaqli temirsiz menzil wirket deyerinden ucuz satilir. Binada butun komunal xetler cekilib qaz ,iwiq , su 7/24 saat daimidir. Binada yuksek keyfiyyetli suretli liftler, yer alti parking ,muhafize sistemi,restoran, fitnes zali, uwaq eylence merkezi ve bir nece aliw veriw dukanlari yerləsir",8,"Nəsimi bazarı 
"," Nəsimi r.
",,,,,,,,,
1947728,2021-03-06,Köhnə tikili,5 / 6,85 m²,2,var,145 000AZN,vasitəçi (agent),"Эксклюзив! Срочно продается в центр города ул, Низами  пересечение ул Рашид 
Бехбудов (Махни  Театр) 6/5  3 комнатная
квартира перед, на 2 комнат  общий площадь 85квм отличный  ремонт пол паркет мозаика, стены покрыто с итальянские обои гостевой зал 30квм,имеет в зале  жилой  мебель,сплит кондиоценер,плазма телевизор,центральн,
отопление,и другие имущества,Спальный комнат 20квм имеется спальный мебельный гарнитур сплит кондиоценер,,центр,отопление Кухня встр, кухонный мебель, стир, машин,микровольновка, и другиеС/У раздельные отл, состояние Вода газ постоянно,В квартира имеется2 балькон  один балькон на Центр, улица Низами и другие на широкий двор,Лифт  рабочие состояние,В дворе имеется  места  для парковка  автомашина
",56,"Fontanlar bağı 
"," Xalça Muzeyi 
"," Azərbaycan kinoteatrı 
"," Sahil m.
"," Mərkəzi Univermaq 
"," Səbail r.
",,,,,
1927458,2021-03-06,Köhnə tikili,3 / 5,44 m²,2,var,88 000AZN,vasitəçi (agent),"Nerimanov Metrosundan 2-3 deqiqelik mesafede 5 mertebeli binanin 3 cu mertebesinde yerlesen 2 otaqli menzil satilir. Binada merkezi isdilik sisdemi var. Binanin genis heyeti, usaq meydancasi var. yaxinliqda mekteb,baxca,market var. Senedler qaydasindadir. Cixaris(kupca) var.Diger melumatlar ucun zeng edin. Firmanin haqqi 1 % dir.
",10,"Nəriman Nərimanov m.
"," Nəriman Nərimanov parkı 
"," Nərimanov r.
",,,,,,,,
1947726,2021-03-06,Yeni tikili,11 / 18,135 m²,3,yoxdur,194 000AZN,vasitəçi (agent),"Tecili satilir ! Seherin merkezinde Xetai metrosunun duz qarsinda olan yeni tikilide Qanuni 3 otag gozel panaromali menzil satilir.Binada qaz,isig,su var.Kupca yaxin zamanda verilecek .sened muqaviledir ,muqavile uzre sahesi 125 kv m.Menzilde 8 -9 minlik qara ishler gorulub.Binanin genis heyeti ,parking qaraji ,suretli lift sistemi var.Real aliciya endirim olacag .Ofis haqqi 1 %",33,"Şah İsmayıl Xətai m.
"," Xətai r.
",,,,,,,,,
1947725,2021-03-06,Köhnə tikili,2 / 5,65 m²,3,var,121 000AZN,mülkiyyətçi,5 mərtəbəli binanin 2ci mətəbəsində 3 otaqlı mənzil satılır. Mənzil yaxşı təmirlidir və hər bir sənədi qaydasındadır. Ev məktəbə bağçaya xəstəxanaya və metroya yaxındı. Razılaşma mümkündür.,7,"Yasamal bazarı 
"," İnşaatçılar m.
"," Yasamal r.
"," Yasamal q.
",,,,,,,
1947721,2021-03-06,Yeni tikili,9 / 16,175 m²,4,var,350 000AZN,vasitəçi (agent),Elmler Akademiyasi Musabeyov parkinin yaninda Cox yuksek seviyyeli 16 mertebeli yenitikilinin 9-cu mertebesinde sahesi 175 kv/m olan qazli kupcali ela temirli 4 otaqli menzil tecili olaraq bazar qiymetinden ashagi satilir. Menzilin  bashlangic qiymeti 350000 azn. ,40,"Yasamal bazarı 
"," Yasamal r.
",,,,,,,,,
1947723,2021-03-06,Köhnə tikili,2 / 5,33 m²,1,var,63 000AZN,mülkiyyətçi,Kupçalı 1 otaqlı orta təmirli ev Kooperasiya universitetine və Neftçi bazaya yaxın ərazidə yerləşir. Qazı suyu işığı daimidir sənədi isə kupça.Real alıcı ilə qiymətdə razılaşa bilərik,439,"Neftçi bazası 
"," Nərimanov r.
",,,,,,,,,
1947718,2021-03-06,Yeni tikili,2 / 16,176 m²,4,var,265 000AZN,vasitəçi (agent),Eziz ve deyerli müşdəriler size teqdim edeceyim menzir heqiqetende bu günkü ev bazarında en sərfəli ve ucuz qiymete teklif olunan menzildir Şeherin tam merkezi hemin ərazidə 4 otaqlı təmirsiz menzilər 300 minən başlayır halbu ki bu menzil sıfırdan Temir olunub bahalı tikinti matiriyalarından isdifade olunub  binada geniş heyet ve yer altı qaraj mövcüdür binaya 2 prasbekdən giriş var şeheri tanıyan şexslər bilirki o erazide o qiymete 4 Otaq mənzil yoxdur sənəd KUBCA telesez çox gözel bir menzile sahib ola bilərsiz ZEHMET OLMASA MEZMUNU DEQİQ OXUYUN SUALARIVIZA  CAVAB TAPACAQSINIZ,505,"Nəsimi bazarı 
"," Koala parkı 
"," Dostluq kinoteatrı 
"," Nəsimi r.
",,,,,,,
1947719,2021-03-06,Yeni tikili,3 / 16,96 m²,3,yoxdur,142 000AZN,vasitəçi (agent),TƏCİLİ...SATİLİR...Nesimi rayonu 20 yanvar kucesinde yerlesen Yeni Tikilide 2/3 pirdelka olunmus 96 kv metr olan super temirli menzil satilir.Menzil cox yuksek seviyede temir olunub temirden sonra yasayis olmayib.Binada qaz su isiq dayimidir.Menzilde istilik sistemi kombidir.etrafli zeng edib maraqlana bilersiz.real musderilere edirim olacaq.Fevral ayinin axirina kimi cixarislar verilmelidir.real musderiler buyurub elaqe saxlaya bilerler.Ofisin xirmet haqqi 1% tesgil edir.,12,"Memar Əcəmi m.
"," Nəsimi r.
"," 5-ci mikrorayon q.
",,,,,,,,
1947717,2021-03-06,Köhnə tikili,6 / 9,110 m²,3,var,132 000AZN,vasitəçi (agent),Cox Cox Tecili.. Ayna Sultanovada  9mertebeli binanin 6ci mertebesinde  3otaqli ela temirli orta  menzil satilir menzilin yaxininda butun lazblokdaimi olan iyasi obiyektler movcutdur xahis olunur ciddi sexler elaqe saxlasin  Ofis Haqqi 1%,33,"Ayna Sultanova heykəli 
"," Binəqədi r.
",,,,,,,,,
1947716,2021-03-06,Köhnə tikili,9 / 9,35 m²,2,var,53 000AZN,vasitəçi (agent),Yeni yasamal qəsəbəsi Əhmədov küçəsində 77 nömrəli marşrutun son dayanacağı əsas yolun kənarında 9 mərtəbəli binanın 9 cu mərtəbəsində 1 otaqdan 2 otağa düzəlmə təzə təmirli mənzil satılır. Mənzil alıb kirayə vermək üçün ideal variantdır. Sənəd kupçadır. Ətraflı məlumat üçün zəng edin.,6,"Yasamal r.
"," Yeni Yasamal q.
",,,,,,,,,
1947715,2021-03-06,Yeni tikili,16 / 17,90 m²,2,var,128 000AZN,vasitəçi (agent),"Xətai rayonu, Həzi Aslanov metrosunun yaxınlığında yerləşən, Neptun marketin üstündə,  Babək 94 MTK yaşayış kompleksinə məxsus binada 2  otaqlı sahəsi 90 kv.m super təmirli  mənzil satılır. Mənzil 17 mərtəbəli yeni tikilinin 16-ci mərtəbəsində yerləşir.  Mənzil 2 otaqdan 3 otağa düzəlmədir. Binada qaz, su, işıq daimidir. Mənzil Yeni təmirdən çıxıb, yaşayış olmayıb. Binanın yaxınlığında bütün infrasturukturlar mövcuddur. Kupça var. ",29,"Həzi Aslanov m.
"," Xətai r.
"," Həzi Aslanov q.
",,,,,,,,
1947714,2021-03-06,Yeni tikili,17 / 17,61.9 m²,1,yoxdur,67 400AZN,vasitəçi (agent),"Pilot Layihə…..Super təklif…. Nərmanov Yashayish Kompleksi
Nərmanov rayon Təbriz küçəsi yashayish kompleksinde umumi sahesi 61.79 kv metr olan 1 otagli mənzil satilir.Bina 2 blokdan ibarətdi.Hər blokda 2lift var Qiymət cox ucuz qiymətdir.Mənzili aldiqdan sonra bir basa oz adiniza kupça ala bilersiz.binada qaz su isiq dayimidir.Vasitəciler və qeyri ciddi shəxsler qəti narhat etmesiler.ətrafli telfonla.",13,"Şərq bazarı 
"," Nərimanov r.
",,,,,,,,,
1947712,2021-03-06,Köhnə tikili,1 / 9,62 m²,2,var,64 000AZN,vasitəçi (agent),"Xətai rayonu Gəncə pr 92de  Panorama Park yaxinliginda, Xəzər univermaqinin arxasında yerləşən şəhərə, dənizə gözəl panoramasi olan 2 otaqli 2 balkonlu, 1 metbexli, 2 sanuzel, orta temirli yelçəkən (skvaznoy) menzil satilir. Yenicə Kombi sistem qurawdirilib, sənəd kupcadir. Yaxınlıqda məktəblər, bagca, marketlər mövcuddur. ",36,"Xətai r.
",,,,,,,,,,
1947711,2021-03-06,Yeni tikili,6 / 16,136 m²,3,yoxdur,195 000AZN,vasitəçi (agent),"Nesimi rayonu Nesibbey Yusifbeyli kucesinde Semawka xestexanasinin arxasinda ""Regal MTK"" wirketinin inwa etdiyi 16 mertebeli binanin 6-ci mertebesinde umumi sahesi 136 kv.m olan 3 otagli temirsiz menzil satilir. Binada tam yawayiw var butun komunal xetler cekilib qaz, iwiq, su 7/24 saat daimidir. Mitsubishi liftler, istilik sistemi: Kombi, istisu, bina ətrafında bağ, parkinq, yeraltı qaraj, 24 saat mühafizə, domofon sistemi, fiber optic İnternet, kimyəvi təmizləmə, rəqəmsal televiziya, əlavə generator, şəhərə mənzərə, qapalı həyət, ticarət infrastukturu, oyun meydançası, velosiped parkinqi, fitnes, SPA mərkəzi, üzgüçülük hovuzu, su təmizləmə sistemleriyle tehciz olunmuwdur.Binanin xarici fasadi aglayla dowenilib. Menzilin daxili hundurluyu",12,"Tibb Universiteti 
"," Nəsimi r.
",,,,,,,,,
1947709,2021-03-06,Köhnə tikili,2 / 9,60 m²,3,var,67 000AZN,vasitəçi (agent),TECILI;;Yeni Gunesli AB Massivi 9/2-ci mertebesinde Orta temirli Kiev layiheli 2 den 3 otaga duzelme  menzil satilir.Isdilik sisdemi merkezidir.Qaz-su-isiq daimidir.Yaxinliqda Mekteb-baxca ve diger iase obyektleri var.Sened Kupcadir.Ofis haqqi 1% teskil edir,44,"Suraxanı r.
"," Yeni Günəşli q.
",,,,,,,,,
1947708,2021-03-06,Yeni tikili,16 / 17,105 m²,3,var,119 000AZN,vasitəçi (agent),Yeni Yasamal Beyaz marketin ustunde sahesi 105 kv olan skvaznoy her iki terefe baxisi olan 2 otaqdan 3 otaqa duzelme temirli menzil satilir.Qaz su isiq daimi tam yasayisli seliqeli bina.Menzilin super proyekti var.Kupca eldedir.Ofisin xidmet haqqi 1 %,8,"İnşaatçılar m.
"," Yasamal r.
"," Yeni Yasamal q.
",,,,,,,,
1947707,2021-03-06,Yeni tikili,3 / 16,114 m²,3,var,175 000AZN,vasitəçi (agent),"TECILI SATILIR!!! 8-ci Mikrarayon Istanbul evleri ve Qosa zapravkanin yani Oba Mtk. 16-mertebeli Binanin 3-cu mertebesinde. Radnoy 3-otagli Ela temirli Menzil Satilir. Qazi,Suyu,Isigi.Daimidir. Binanin yaxinliginda Super Marketler, Ailevi restoranlar, iase obyektleri yerlesir. KUPCA var Ipoteka ya yararlidir. Ofis xidmet haqqi 1%",35,"Binəqədi r.
"," 8-ci mikrorayon q.
",,,,,,,,,
1942273,2021-03-06,Yeni tikili,6 / 11,84 m²,3,var,65 000AZN,vasitəçi (agent),Bakı şeheri Abşeron rayonu Kencler şeherciyi 11mertebeli binanın 6cı mertebesinde 84kv.metr 3otaqlı temirli eşyalı cıxarışlı menzil satılır.,9,"Abşeron r.
"," Masazır q.
",,,,,,,,,
1947705,2021-03-06,Yeni tikili,18 / 20,140 m²,3,var,180 000AZN,vasitəçi (agent),"Cox tecili!!Bineqedi rayon 8 ci mikrorayonda Ayna Sultanova parkina, Azadliq və Gənclik metrolarina yaxin məsafədə Cefer xandan kucesinde 20 mertebeli binanin 18 ci mertebesinde 140 kv.m olan 3 otaqli ela temirli menzil satilir.Seherein merkezine yaxin qaz su isiq daimidir.eyvandan gozel menzere.ofis haqqi 1 %",31,"Binəqədi r.
"," 8-ci mikrorayon q.
",,,,,,,,,
1921764,2021-03-06,Yeni tikili,8 / 19,168 m²,3,var,430 000AZN,vasitəçi (agent),2 sanuzel. NIZAMI MALL YANI.Super rimont ,13,"Nizami m.
"," Beşmərtəbə 
"," Nəsimi r.
"," Kubinka q.
",,,,,,,
1947704,2021-03-06,Yeni tikili,15 / 17,85 m²,2,var,135 000AZN,vasitəçi (agent),"Tecili ! Insaatcilar metrosunun duz cixisinda yeni tikili binada 2 otagli mezil satilir ! Yaxinliginda orta mektebler , usaq baxcalari ve bizim market yerlesir.",47,"İnşaatçılar m.
"," Yasamal r.
"," Yasamal q.
",,,,,,,,
1947703,2021-03-06,Köhnə tikili,2 / 5,70 m²,3,var,118 000AZN,vasitəçi (agent),"SATILIR ! ! ! 
KUPCA VAR ! ! !
 Yasamal ray. Parlament pros. Fexri xiyabanin yaxinliginda 20 nomreli mekteb ile uzbeuz 5 mertebeli prestijli binada menzil satilir . Menzil 2 otaq + 2 artirilma (1 balkon) Yelceken menzildir. Menzilde qaz, su ,isiq daimidir. Istilik sistemi ise kombidir, hec bir problem yodur. Binanin yaxinliginda mekteb, Universitetler, marketler, salonlar movcuddur . Elmler akademiyasi metrosuna 5 deqiqelik mesafededir. QIYMETDE ENDIRIM OLACAQ !!!

Ofis haqqi - 1 %",8,"Space TV 
"," Yasamal r.
",,,,,,,,,
1947700,2021-03-06,Yeni tikili,14 / 17,70 m²,2,var,135 000AZN,vasitəçi (agent),"KUPÇALI QAZLI SUPER TƏMİRLİ MƏNZİL, HAZIR KREDİT.....Tbilisi Prospekt və Zərdabi Prospektin arası, Melissa Park Yaşayış Kompleksi, 2 Otaqlı, 14\17, Super Proekt Skovoznoy və Geniş Otaqlar, Pol Parket,
Otaqlar Və Sanqovşaq ayrı, Açıq Eyvan, Yıgılma mətbəx mebeli,İsistmə sistemi Kombi, Yeraltı Qaraj, 24 Saat Mühüfizə xidməti, Kamera sistemiTək Şəxsiyyət vəsiqəsi ilə alan adamın adına keçirilir, İlkin Ödəniş 55000 azn,
AYLIQ 1310 AZN dən, 5 İL  qalıb, Banka borcu 80000 azn",43,"20 Yanvar m.
"," Yasamal r.
",,,,,,,,,
1947702,2021-03-06,Yeni tikili,4 / 21,161 m²,4,var,680 000AZN,vasitəçi (agent),Ela temirli menzildi seherin merkezinde Neft Akademiyasinin yaninda ,11,"28 May m.
"," Neft Akademiyası 
"," Səməd Vurğun parkı 
"," Bakı Musiqi Akademiyası 
"," Milli Konservatoriya 
"," Nəsimi r.
",,,,,
1947698,2021-03-06,Köhnə tikili,2 / 9,54.2 m²,2,var,73 000AZN,mülkiyyətçi,3 otaq olunub.təmir orta,49,"Neapol dairəsi 
"," Xətai r.
"," Əhmədli q.
",,,,,,,,
1947696,2021-03-06,Yeni tikili,19 / 19,104 m²,3,var,102 750AZN,vasitəçi (agent),"QAZ+KUPCALI TAM YASAYİSLİ BİNADA MƏNZİL!!!
Nerimanov rayonu Genclik metrosuna yaxin Hesen Eliyevle Ceyhun Hacibeyli kucelerinin kesiwmesinde, ERTO Mebel dukanin ustundeki binanin 19 mərtəbəli binanin 19-cu mertebesinde (mansar deyil, yasayis təyinatli asagi mənzillər kimi tavani duz və hundur mənzildir, mərtəbəyə lift qalxir) umumi sahesi 104 kv.m olan 3 otaqli temirsiz menzil bazar qiymetinden tecili cox ucuz satilir. Binada QAZ+KUPÇA var. Binada yer alti parking ve heyet yani sahesi ve 2 suretli lifti var. Cox elveriwli mekanda yerlewir menzilden gozel weher menzeresi acilir.",21,"Neftçi bazası 
"," TQDK 
"," Nərimanov r.
",,,,,,,,
1947694,2021-03-06,Yeni tikili,11 / 17,181.2 m²,4,yoxdur,181 200AZN,vasitəçi (agent),"COX TECILI QIYMET SONDRUR 
NErimaov r, Metroparkin yani, Eliyae Eliyev kucesinde 1 kv 1000 AZNden 11CI metrebsinde 4 otaqli menzil satilir. Nerimanov erazxisinde bele bir veziyetde menzillerin qiymeti 1400Azndir. Cox Bloklu kompleksin ilk tehvil verilecek B blokunda tamamlanma isleri gedir. Menzil B blokundadir. Komleks cox yuksek seviyyeli tehcizat ve gorkemi ile secilecek. Qiymet sondur. Xahis olunur elani oxuyub real musteriler elaqe saxlasin.",42,"Nəriman Nərimanov m.
"," Nərimanov r.
",,,,,,,,,
1947693,2021-03-06,Yeni tikili,11 / 22,92.6 m²,3,var,120 000AZN,vasitəçi (agent),"Xətai rayonu, Gəncə prospekti 52 ünvanında, ən müasir üslubda inşa edilmiş XƏTAİ PARK YAŞAYIŞ KOMPLEKSİNDƏ qanuni 3 otaqlı Podmoyak mənzil təklif edirik. ÇIXARIŞI var. Mənzilin sahəsi sənəddə 92.6 kv.m. olaraq qeyd olunub. Orta blokdur. Dənizə və həyətə panoraması var. Kompleksin həyətində hər şərait yaradılıb. İnfrastrukturu əladır. Yaxınlıqda metro, dayanacaqlar, uşaq bağçası və məktəb, müxtəlif ticarət və xidmət obyektlərı yerləşir. Real müştəri oldugu zaman qiymətdə razılaşmaq olar.",12,"Həzi Aslanov m.
"," Xətai r.
"," Həzi Aslanov q.
",,,,,,,,
1947692,2021-03-06,Yeni tikili,11 / 16,62 m²,2,var,62 000AZN,vasitəçi (agent),"Xirdalanda Heyder Parkinin yaninda yerlewen 16 mertebeli binanin 11 ci mertebesi umumi sahesi 62kv olan 2 otaga duzelme temirli menzil satilir. binada qaz su iwiq daimdir. binanin suretli 2 lifti var 24 saat muhafize olunur. bina dayanacaga yaxindir.bina tam yawaywli binadir senedi kupcadir. Yaxinliginda mekteb, baxca, park ve diger ictimai iawe abyektleri movcuddur. Bu və digər elanlarla əlaqədar ətraflı məlumat almaq üçün əlaqə nömrəsinə zəng vura bilərsiniz.",24,"Xırdalan
",,,,,,,,,,
1947690,2021-03-06,Yeni tikili,17 / 17,92.8 m²,2,var,102 000AZN,vasitəçi (agent),"Pilot Layihə…..Super təklif…. Nərmanov Yashayish Kompleksi
Nərmanov rayon Təbriz küçəsi yashayish kompleksinde umumi sahesi 92.69 kv metr olan 2 otagli mənzil satilir.Bina 2 blokdan ibarətdi.Hər blokda 2lift var Qiymət cox ucuz qiymətdir.Mənzili aldiqdan sonra bir basa oz adiniza kupça ala bilersiz.binada qaz su isiq dayimidir.Vasitəciler və qeyri ciddi shəxsler qəti narhat etmesiler.ətrafli telfonla.",14,"Şərq bazarı 
"," Nərimanov r.
",,,,,,,,,
1947688,2021-03-06,Yeni tikili,6 / 20,93 m²,2,yoxdur,145 000AZN,vasitəçi (agent),"White Tower. Yasayis kompleksi.
T E C I L I  SATILIR. Xais olunur metni sona qeder oxuyun. Binada bu proektden satisda qalmayib. Super varinatdir.
Menzil tam temirli veziyyetde musteriye tehvil verilecek. Hal hazirda menzilde 80% temir isleri gorulub ve temir davam edir. Bina pilot lahiye binadir. Binada isler suretle gedir.
Mezil tam temirli acar tehvil verilecek. Mezilin qarsisi aciqliqdir. BRAVO Marketin yani. AG seher metronun 2 ci cixisi binain yanjnda olacaq. Bina Bakida en dozumlu ve keyfiyyetli binalardan biridir. Blokda 4 eded TOSHIBA liftler qurasdirlir. Bloklar mermerdir. Bir sozle bina elite tebeqe olcaq.",43,"Şah İsmayıl Xətai m.
"," Xətai r.
",,,,,,,,,
1947687,2021-03-06,Köhnə tikili,7 / 9,120 m²,5,var,140 000AZN,vasitəçi (agent),Tecili... 6ci mkr da   M.Kazimovski k.  9mertebeli lelinqrat lahiyeli binanin 7ci mertebesinde 5otaqli orta temirli orta blokda menzil satilir xahis olunur ciddi sexler elaqe saxlasin Ofis Haqqi 1%,10,"Zərifə Əliyeva adına park 
"," Nəsimi m.
"," Binəqədi r.
"," 6-cı mikrorayon q.
",,,,,,,
1947686,2021-03-06,Köhnə tikili,7 / 9,80 m²,3,var,175 000AZN,vasitəçi (agent),"TƏCİLİ SATILIR!

-İpotekaya uyğun mənzil.

-Elmlər akademiyası metrosu.
-BDU universiteti.
-53 saylı tam orta məktəb.
-Bravo və Araz super marketləri.
-OTAQLARIN GİRİŞİ AYRIDIR.
-Yelçəkən (skvaznoy) mənzildir.
Bir çox nazirlik və universitetlərin əhatəsində yerləşən binada təmirli 3 otaqlı mınzil satışa təklif olunur.mənzil orta blokda yerləşir.hər iki tərəfə baxışı var(yelçəkəndir).
daimi işlək lifti var,otaqları və s/q ayrıdır
İstilik sistemi KOMBİ
Geniş həyətə malikdir.
ətrafında Baxça və Avropa məktəbi,
uşaq baxçaları
LENİNQRAD LAYİHƏLİ",36,"Elmlər Akademiyası m.
"," Hüseyn Cavid parkı 
"," Yasamal r.
",,,,,,,,
1947684,2021-03-06,Köhnə tikili,4 / 9,100 m²,4,var,105 000AZN,vasitəçi (agent),"TECILI;;;Yeni Gunesli D Massivi 290 N mektebin yaxinligi 9/4-cu mertebesinde 5 otaqdan 4 otaga duzelme Yaxsi Temirli Kiev layiheli menzil satilir.Isdilik sisdemi Merkezidir,qaz-su-isiq daimidir.Sened Kupca.
Ofis haqqi 1% teskil edir.Elave menzillerimizde var,buyurub elaqe saxliya bilersiz.",12,"Suraxanı r.
"," Yeni Günəşli q.
",,,,,,,,,
1947683,2021-03-06,Yeni tikili,4 / 17,103 m²,3,var,185 000AZN,vasitəçi (agent),"Azadlıq pr.-ti ilə Həsən Əliyev küçələrinin kəsişməsində, 17 mərtəbəli binanın 4-cü mərtəbəsində, super təmirli, geniş və işıqlı, 103 kv.m. sahəli, kupçalı mənzil satılır. Şəhərin bütün istiqamətlərinə hərəkət edən avtobus və avtomobil yollarının üstü, iri marketlərin, müxtəlif iaşə obyektlərinin yaxınlığı, məktəb, bağça, fitness, gözəllik, sağlamlıq mərkəzlərinin yaxınlığı binanın üstünlüklərindəndir. ",42,"Neftçi bazası 
"," TQDK 
"," Nərimanov r.
",,,,,,,,
1947682,2021-03-06,Yeni tikili,9 / 14,97.5 m²,3,yoxdur,160 000AZN,vasitəçi (agent),"Nesimi rayonu, 20 Yanvar kucesi, Qizil Tac sadliq sarayinin yaxinligi, yeni tikilide 14/9  97.5 kv 3 otaqli ( 2-3 duzelme 1-ci isiqla ) super temirli menzil satilir. Temirden sonra yasayis olmayib. ",17,"Memar Əcəmi m.
"," Nəsimi r.
",,,,,,,,,
1947679,2021-03-06,Yeni tikili,15 / 18,100 m²,2,var,200 000AZN,vasitəçi (agent),"Лучшее предложение
Ипотеке подлежит,купча в наличии!

Около больницы «Нефтяников» Вашему вниманию предлагаю 3-х комнатную ( переделанная из 2 комнат) общая площадь кв. 100 м² этаж 15-ый.Ремонт в стиле Арт-Деко, сделан по дизайн-проекту с использованием лучших отделочных материалов.Кухонная мебель на заказ из Италии, техника ""BOSCH"" Декоративный камень в интерьере гостиной,сантехника немецкой фирмы ""HANSGROHE"", Испанский кафель, отоп. система ""kombi"" теплый пол,гардеробная,в прихожей вместельный шкафы-купе,надежная входная дверь,видеодомофон.

ГАЗ ПОДКЛЮЧЕН.КОМПЛЕКС СДАН ! Полностью заселенный,2 лифта скоростных, кодовые двери,охрана 24/7,детская игровая площадка,супермаркет во дворе,шлагбаум,подземный двухъярусный паркинг,два скоростных лифта.

В КВАРТИРЕ ОСТАЁТСЯ СОВРЕМЕННАЯ МЕБЕЛЬ И ТЕХНИКА!
P.S. Торг уместен в пределах разумного!",38,"Cavanşir körpüsü 
"," Port Baku 
"," Xətai r.
",,,,,,,,
1947681,2021-03-06,Yeni tikili,10 / 18,168 m²,3,var,269 000AZN,vasitəçi (agent),"MƏRKƏZ... 
Dəyərindən ucuz.. 
Rəşid Behbudov küçəsi.Aqua park-ın yanında. 
Egoist MTK Tam Təmirli ve Eşyalı 168 kv.m. 3 otağlı mənzil satılır. 
Binada QAZ yoxdur.Kupça var. 
Mərkəzi istilik sistemi və daima isti su ilə təchid olunur.. 
Real alıcı ilə yerində danışığ olacağ. 
Firmanin xidmət haqqı 1 % teşkil edir.. 
Elavə məlumat üçün zəng ede bilərsiz..",252,"Azərbaycan Dillər Universiteti 
"," Sirk 
"," Bakı Slavyan Universiteti 
"," Zabitlər parkı 
"," Nəsimi r.
",,,,,,
1947677,2021-03-06,Köhnə tikili,7 / 9,85 m²,3,var,165 000AZN,vasitəçi (agent),"TƏCİLİ SATILIR!

-İpotekaya uyğun mənzil.

-Elmlər akademiyası metrosu.
-BDU universiteti.
-53 saylı tam orta məktəb.
-Bravo və Araz super marketləri.
-OTAQLARIN GİRİŞİ AYRIDIR.
-Yelçəkən (skvaznoy) mənzildir.
Bir çox nazirlik və universitetlərin əhatəsində yerləşən binada təmirli 3 otaqlı mınzil satışa təklif olunur.mənzil orta blokda yerləşir.hər iki tərəfə baxışı var(yelçəkəndir).
Bina 2002 ci ildə inşa edilmiş binadır,daimi işlək lifti var,otaqları və s/q ayrıdır
İstilik sistemi KOMBİ
Geniş həyətə malikdir.
ətrafında Baxça və Avropa məktəbi,
uşaq baxçaları
LENİNQRAD LAYİHƏLİ",33,"Elmlər Akademiyası m.
"," Bakı Dövlət Universiteti 
"," Yasamal r.
",,,,,,,,
1947674,2021-03-06,Yeni tikili,3 / 16,148.6 m²,3,var,240 000AZN,mülkiyyətçi,"Menzil Xetai metrosunun yaxinliginda yetleshir.Genish otaqlari var..Her iki terefe balkonu var.2 suretli lift.24 saat muhevize.
",16,"Şah İsmayıl Xətai m.
"," Xətai r.
",,,,,,,,,
1920388,2021-03-06,Köhnə tikili,7 / 20,55 m²,2,var,86 000AZN,vasitəçi (agent), TECILI....  Z. Eliyeva adina Goz Klinikasi yaxinliginda 20 mertebeli binanin 7-ci mertebesinde 1 otaqdan 2 otaqliya duzeldilmish temirli menzil ESHYALARLA BIRLIKDE satilir. Menzilde istilik sistemi kombidir. Etrafli melumat ucun zeng edin.,28,"Zərifə Əliyeva adına park 
"," Binəqədi r.
"," 6-cı mikrorayon q.
",,,,,,,,
1947672,2021-03-06,Yeni tikili,13 / 20,130 m²,3,var,169 999AZN,vasitəçi (agent),"Nəriman nərimanov metrosu Heydər Əliyev prospektində kosmos restoranının arxasında inşa edilən “Akkord MTK”-ın  yeni tikili binada 3 otaq super təmirli mənzil satılır. Şəxsi yaşayış üçün nəzərdə tutulduğundan dizaynerlər tərəfindən dizayn və təmir olunub. Binanın 24 saat mühafizə xidməti və 24 saat müşahidə kamerası ilə nəzarət sistemi var, yeraltı avto dayanacağı var, biri yük üçün olmaqla 3 sürətli lifti var, böyüklər və kiçiklərin istirahəti üçün gözəl və komfortlu həyəti var. mənzil 24 saat fasiləsiz işıq, qaz, su və kombi istilik sistemi ilə təchiz olunur.... REAL ALICILAR ELAQE SAXLAYA BILER....",1574,"Nərimanov r.
",,,,,,,,,,
1941474,2021-03-06,Yeni tikili,7 / 16,240 m²,5,var,360 000AZN,vasitəçi (agent),"Nizami metro yaxınlığı.
6 paralelnidə 5 otaq 7 mərtəbə. Təzə Siqma lift. Təmirli mənzil.. Qaz. Kupça. 240 kv/m × 1500 m = 360.000 Azn
podmayak qiymətinə təmirli mən",28,"M.Hüseynzadə parkı 
"," Dövlət Statistika Komitəsi 
"," Nizami m.
"," Nəsimi r.
",,,,,,,
1947667,2021-03-06,Köhnə tikili,1 / 5,55 m²,2,var,84 000AZN,vasitəçi (agent),"Menzil esyali satilir ! ! !

Tecili satilir ! ! ! Bayilda, 163 Sayli mektebin yaxinliginda 5/1 55kv Qanuni 2 otaqli yaxsi temirli menzil satilir. Binanin heyeti seliqelidir. Qarsisinda artirmaga da yeri var. Seher bulvarina mesafe yaxindir. Stalinka lahiyedir.
Sirket haqqi-1%",14,"Səbail r.
",,,,,,,,,,
1947670,2021-03-06,Köhnə tikili,4 / 6,70 m²,3,var,135 000AZN,vasitəçi (agent),"28 may metrosunun çıxışında,S.Vurğun heykəlinin yanındakı 6 mərtəbəli binanın 4-cü mərtəbəsində yaxşı təmirə malik 3 otaqlı mənzil real qiymətindən xeyli aşağı qiymətə TƏCİLİ satılır.",48,"Səməd Vurğun parkı 
"," 28 May m.
"," Neft Akademiyası 
"," Nəsimi r.
",,,,,,,
1947664,2021-03-06,Yeni tikili,9 / 16,161 m²,3,var,232 000AZN,vasitəçi (agent),"Bineqedi rayonu Nesimi metrosuna yaxin Zerife Eliyeva Goz Klinikasinin arxasinda, Bitomnik parkinin etrafinda 16 mertebeli binanin 9-cu mertebesinde, umumi sahesi 161 kv.m olan 3 otaqli super temirli menzil tecili cox ucuz qiymete satilir. Menzil cox ideal veziyyetdedir. Menzilin daxilinde parket doweme, istilik polu, zambaiti oboylar, yuksek zovqle ve dizaynla iwlenilmiw iwiqlandirma sistemi, daxili avropa qapilari, kondisionerler, kuxna mebeli, ve prixoji mebeliyle tehciz olunmuwdur. Binada butun komunikasiya xetleri cekilib qaz iwiq su 7/24 saat daimidir. Bundan elave yer alti dayanacag, heyet yani sahe,2 suretli lift ve etrafinda geniw yawillawdirilmiw park var.",20,"Nəsimi m.
"," Binəqədi r.
"," 6-cı mikrorayon q.
",,,,,,,,
1939683,2021-03-06,Yeni tikili,9 / 17,144.2 m²,3,yoxdur,144 000AZN,vasitəçi (agent),"Nizami rayonu, Neftçilər metrosuna piyada məsafədə, İcra Hakimiyyətinin arxasında yeni tikilmekde olan kompleksdə 3 otaqlı əla proyekti olan mənzil satışa çıxır. Mənzil tam yelçəkəndir (skvoznoy) bütün ara kəsmələr kərpiçdir istənilən dəyişikliyi (peredelka) etmək olar. Mənzildə 3 ədəd sanitar qovşaq var, 2 ədəd eyvan. Otaqlar olduqca genişdir. Bütün şəkillər mənzilə aiddir mətində ətraflı məlumat verilib, xahiş olunur ciddi şəxslər narahat etsin. Binada may-iyun aylarında təmirə başlamağa icazə veriləcək. Təyin edilən qiymət bina qiymətindən aşağıdır. Real alıcı ilədə birazda qiymətdə danışıq olacaq.",39,"Neftçilər m.
"," Nizami r.
",,,,,,,,,
1947663,2021-03-06,Yeni tikili,6 / 16,99 m²,3,var,133 600AZN,vasitəçi (agent),"Tam yawayiwli ve qazli kupcali 8 mkr Elit ticarət mərkəzin arxası Olimp mtk .Ev orta təmirli .Otaq sayı 2 otaqdan 3 otağa düzəlib .Bina 16/6 mərtəbəsi .qazi suyu iwiqi daimidir,geniw parkovkasi var,elit yawayiw kompleksinde kubar qonwularda var..bu binada bele proyekt demek olarki yoxdur.yayda serin qiwda isti olur,Kombi sistemi cekilib,.otaqlara ve metbexe birinci gun iwiqi duwur.ipotekayada yararlidir!!!etrafli melumat uchun qeyd olunan nomreler ile elaqe saxlayin..cuzi endirim olacaq!!!birde yaziram ki cuzi endirim olacaq,fontastik endirim olmayacaq!!!
",21,"Binəqədi r.
"," 8-ci mikrorayon q.
",,,,,,,,,
1933773,2021-03-06,Yeni tikili,12 / 16,65 m²,1,yoxdur,120 000AZN,vasitəçi (agent),"Təcili Satılır...Binada Qaz var...
Səməd Vurğun küçəsi Tibb unverstetin
yanı 1 otaq 2 otaqa düzəlmə mənzil
satılır...Binada yaşayış var...
Makler və Firmalar narahat etməsin..",33,"Tibb Universiteti 
"," Nərimanov r.
",,,,,,,,,
1947661,2021-03-06,Yeni tikili,10 / 20,181 m²,3,yoxdur,300 000AZN,mülkiyyətçi,"Mənzil Afiyəddin Cəlilov və Fəzail Bayramov küçələrinin , Megofan əyləncə mərkəzinin tam yanında yerləşir. Mənzilin çox şəhərə çox əla panoraması var. Həm dəniz tərəfdən, həm də digər prospekt tərəfdən görünüşü var. Binada son tamamlanma işləri gedir. Şirkətdə satış 2.500 azn, sadəcə təcili pul lazım olduğu üçün dəyərindən aşağı qiymətə satılır.",23,"Şah İsmayıl Xətai m.
"," Xətai r.
",,,,,,,,,
1947657,2021-03-06,Yeni tikili,14 / 18,230 m²,4,var,264 000AZN,vasitəçi (agent),"(B.№43) Azadlıq pr., və H.Əliyev küç. kəsişməsində ""PERAL"" MTK,""ARAZ Marketin"", ""KONTAK HOM"" maqazinlərinin,47 saylı məktəbin və ""Asan Xidmət""-in yanında, elit yaşayış kompleksində, QAZLI və KUPÇALI binada, 4 – otaq, 230 kv.m., yaşayışın 14 mərtəbəsində yerləşən, şəhərə gözəl mənzərəsi olan, təmirsiz mənzil Təcili Satılır! 
Zal-56kv.m., Yataq otağı-36,-26,-24kv.m., Mətbəx-24kv.m. Mənzilin gözəl proyekti və şəhərə çox gözəl panoraması var. Binanın 3 “SİQMA”sərnişin lifti var. Yeraltı və yerüstü avtopark mövcuddur. Satışda qarajda var(qiymətə daxil deyil). Bina pilot layihə əsasinda inşa olunduğu üçün yaxın müddətə mənzillərin çıxarışları paylanacaq.
Bina bütün növ infrastruktur obyektlərinin-məktəblərin, metronun, aliş-veriş mərkəzlərinin və.s. yaxınlığında yerləşir, “Gənclik” və 28 may metrosuna 5 dəqiqəlik məsafə var.Əlavə məlumat uçun 24/7 saat əlaqə saxlaya bilərsiniz. Real alıcıya qiymətdə endirim var.
",40,"Neftçi bazası 
"," Nəsimi r.
",,,,,,,,,
1947660,2021-03-06,Yeni tikili,17 / 17,114.6 m²,3,var,126 000AZN,vasitəçi (agent),"Pilot Layihə…..Super təklif…. Nərmanov Yashayish Kompleksi
Nərmanov rayon Təbriz küçəsi yashayish kompleksinde umumi sahesi 114.63 kv metr olan 3 otagli mənzil satilir.Bina 2 blokdan ibarətdi.Hər blokda 2lift var Qiymət cox ucuz qiymətdir.Mənzili aldiqdan sonra bir basa oz adiniza kupça ala bilersiz.binada qaz su isiq dayimidir.Vasitəciler və qeyri ciddi shəxsler qəti narhat etmesiler.ətrafli telfonla.",17,"Şərq bazarı 
"," Nərimanov r.
",,,,,,,,,
1947659,2021-03-06,Yeni tikili,4 / 16,72 m²,2,var,123 000AZN,vasitəçi (agent),"Təcili!!!  ""MELİSA PARK"" Yaşayış kompleksində 72 kv,  Qanuni 2 otaqlı, Təmirli, Kupçalı mənzil təcili olaraq dəyərindən qat-qat aşağı qiymətə satılır. Mənzil çox təcili satıldığından qiymət endirildi. Bu qiymətə melisada ev yoxdur. ",74,"20 Yanvar m.
"," Yasamal r.
",,,,,,,,,
1870073,2021-03-06,Yeni tikili,11 / 16,101 m²,2,var,124 300AZN,vasitəçi (agent),"Bineqedi rayonu Resulzade qesebesi Holluwood sadliq sarayinin yaxinliginda yerlsen 16 mertebelu pilot layiheli binanin 11 ci mertebesinde yerlesen 101 kv/m 2 otaq yaxsi temirli menzil esyalari ile tecili deyerinnen asagi satilir.Menzilin istilik sistemi kombidir.Binanin qazi suyu isigi lifti ve komendant xidmeti sakinlerin istifadesindedir.Binanin ve menzilin butun senedleri qaydasindadir,kupca(cixaris) var ve ipotekaya tam yararlidir.Elave melumat ucun asagida qeyd olunan nomreler ile elaqe saxlaya bilersiniz.Real musteri ucun cuzi endirim olunacaq.
",28,"Azadlıq Prospekti m.
"," Binəqədi r.
"," M.Ə.Rəsulzadə q.
",,,,,,,,
1947650,2021-03-06,Yeni tikili,12 / 20,45 m²,2,var,85 000AZN,vasitəçi (agent),Melissa park kompleksi! 20 yanvar m.yaxin! GAZ KUPCA VAR! Aşyali satilir! Hazir kirayaci galir. 450 azn ayligi! Pol parket! 3 lifti! Muhavizə 24/7 Boyuk yaşil bagli həyəti! Tbilisi pr. Və H.B. Zərdabi pr. Girişi cixişi var kompleksa! ,125,"20 Yanvar m.
"," Yasamal r.
",,,,,,,,,
1888910,2021-03-06,Yeni tikili,9 / 16,86 m²,2,yoxdur,95 000AZN,vasitəçi (agent),"Bineqedi rayonu Vorovski dairesinde, yeni inwa edilmiw 16 mertebeli binanin 9-cu mertebesinde, umumi sahesi 86 kv.m olan 2 otaqli temirsiz menzil satilir. Binada 2 suretli lift yer alti parking xidmeti var. Butun komunal xetler cekilib. Binada istilik sistemide cekilib.. Temire icaze var.Binanin etrafinda mekteb, bagca, aliw veriw dukanlari, poliklinika fealiyyet gosterir. Qeyd edimki Bina metrodan 5 7 deq mesefade yerlewir. Menzilden gozel menzere acilir. Menzilin wirket deyerinden cox ucuz satilir. Qeyd edimkii wirketde menzilin 1 kv.m qiymeti 1350 azndir.",26,"Nəsimi m.
"," Binəqədi r.
",,,,,,,,,
1947652,2021-03-06,Yeni tikili,6 / 17,140 m²,4,var,325 000AZN,vasitəçi (agent),"İDEAL TƏKLİF..

NƏRİMANOVDA

""PİLOT LAYİHƏDƏ""""

TAM ƏŞYALI

""METROPARK""-ın yaxınlığında,metroya 2 dəqiqəlik məsafədə..

Mükəmməl infrastrukturlu ərazidə..

Möhtəşəm görünüşə,keyfiyyətə və arxitekturaya malik,DÖVLƏT nəzarətiylə PİLOT layihə cərcivəsində tikilən QAZLA təmin olunmuş binada,

4 otaqlı,geniş,işıqlı,SUPER TƏMİRLİ,TAM ƏŞYALI mənzil satılır..

Mənzil çox yüksək keyfiyyətli materiallarla,profesional ustalar tərəfindən,yüksək zövq və dizaynla təmir olunub..

Onuda xatırladaq ki şəkillər mənzilin real görünüşünü tam əks etdirə bilmir..Yəni reallıqda mənzil daha gözəl və ürəkacandır..

Binanın hər blokunda 2 ədəd sürrətli və müasir lift quraşdırılıb..

Binanın həyəti geniş,yaşıllıqlı və səliqəlidir..

Binanın həyəti,bloklar,liftlər 24/7 müşahidə və mühafizə olunur..

Binanın yeraltı parkingidə var və liftlər parkingə düşür..

Şirkətimizin xidmət haqqı mənzilin satış qiymətinin 1 %-ni təşkil edir..",237,"Nəriman Nərimanov parkı 
"," Nəriman Nərimanov m.
"," Nərimanov r.
",,,,,,,,
1947649,2021-03-06,Yeni tikili,19 / 19,64 m²,2,yoxdur,96 000AZN,mülkiyyətçi,"Panorama Park yashayis kompleksinde ozum ucun ,bahali materiallarla temir etdiyim mənzilimi satiram .Kompleksde komfortlu yashayish ucun butun sherait var,heyetinde ushag eylence meydancasi,voleybol,basketbol ,idman meydancasi.24 saat hem canli muhafize ,hem kamera nezareti.su,qaz ,ishiq daimi.ev bashdanbasha italiya istehsali turbalarla istipoldur.oboylar zambaiti silinen parca,almaniya istehsali dartma tavan,suvag Agdag istifade olunub.bir sozle keyfiyyete qenaet edilmeyib.",46,"Xətai r.
"," Həzi Aslanov q.
",,,,,,,,,
1885121,2021-03-06,Yeni tikili,10 / 19,88 m²,3,var,155 000AZN,vasitəçi (agent),ELA TEKLIF !! ESYALI !! KUPCALI !! Yasamal rayonu Hesen Bey Zerdabi kucesinde yerlesen Chevrolet avtoservisin arxasinda olan rodnoy 2 otaqdan 3 e studia metbex ile duzeldilmis menzil satilir !! qaz su isiq daimdir !! KUPCA VAR !! real alicilarla razilasmag olar !! binanin 3 mertebeli yeralti qaraji var !! genis heyeti var !! ,27,"20 Yanvar m.
"," Yasamal r.
",,,,,,,,,
1947646,2021-03-06,Yeni tikili,3 / 6,65 m²,3,var,129 000AZN,vasitəçi (agent),"Tecili !!! 28 may metrosunun cixisinda Semed Vurgun baginin yaninda 3 otaqli menzil satilir.Menzil yaxsi temirlidir 2 otaqdan 3 otaqa predelka olunub,Metbex stuido olunub,ekspremental layihedir,Ipotekaya yararlidir.Qaz su isiq daimidir,Binada lift var.Kupcalidir,Kiraye ucun ideal variantdir,esyali 132,000,KUPCALIDIR,Ofis haqqi 1 %",27,"Səməd Vurğun parkı 
"," 28 May m.
"," Neft Akademiyası 
"," Nəsimi r.
",,,,,,,
1947647,2021-03-06,Yeni tikili,12 / 18,64 m²,1,var,135 000AZN,vasitəçi (agent),"Təcili Satılır...Qaz Kupça var..
mt.Gənclik Parka yaxın 1 otaq 2 otaqa
düzəlmə təmirli mənzil satılır...
Makler və Firmalar narahat etməsin..",29,"Gənclik m.
"," Respublika stadionu 
"," Nərimanov r.
",,,,,,,,
1947642,2021-03-06,Köhnə tikili,5 / 5,35 m²,2,var,52 000AZN,mülkiyyətçi,"Menzil 4-cu mikrorayonda qerenfil usaq baxcasinin yaninda yerlesir.
Memar Ecemi metrosuna piyada 5 deqiqelik mesafede yerlesir.
Bezi esyalar qalacaq.
Real alici ile qiymet baresinde razilasmaq olar.
Kupca var.",25,"Memar Əcəmi m.
"," Nəsimi r.
"," 4-cü mikrorayon q.
",,,,,,,,
1944645,2021-03-06,Yeni tikili,8 / 17,56 m²,1,yoxdur,122 000AZN,vasitəçi (agent),"Təcili Satılır...
Səməd Vurğun küçəsi Tibb unverstetinə
yaxın 1 otaq 2 otaqa düzəlmə təmirli
mənzil satılır...
Makler və Firmalar narahat etməsin..",28,"Tibb Universiteti 
"," Nərimanov r.
",,,,,,,,,
1947643,2021-03-06,Yeni tikili,10 / 16,128 m²,3,yoxdur,137 000AZN,vasitəçi (agent),"Bineqedi rayonu Vorovski dairesinde yeni inwa edilmiw 16 mertebeli binanin 10 -cu mertebesinde ,umumi sahesi 128 kv.m olan 3 otaqli temirsiz menzil satilir. Binada 2 suretli lift, yer alti parking xidmeti var. Butun komunal xetler cekilib.Temire icaze var. Binanin etrafinda mekteb, bagca, aliw veriw dukanlari poliklinika fealiyyet gosterir. Qeyd edimki Bina metrodan 5-7 deq mesefade yerlewir. Menzilden gozel menzere acilir.Menzil wirket deyerinden cox ucuz satilir.Qeyd edimki wirketde menzilin 1 kv.m qiymeti 1350 azndir. Bina yaxin aylarda kupca ila temin olunacaqdir",20,"Nəsimi m.
"," Binəqədi r.
",,,,,,,,,
1947635,2021-03-06,Köhnə tikili,1 / 9,55 m²,2,var,75 000AZN,vasitəçi (agent),"Qarayev Metrosu, Eli veliyev Kucesi Ruslan Marketin yaninda 9 mertebeli lelinqrad lahiyeli binanin 1 ci mertebesinde yerlesen 2 otaqli menzil satilir. Zeif Temirlidir. her 2 terefe balkonu var. Diger melumatlar ucun zeng edin.Firmanin haqqi 1 % dir.",45,"Qara Qarayev m.
"," Nizami r.
",,,,,,,,,
1947638,2021-03-06,Yeni tikili,8 / 9,48 m²,2,var,45 000AZN,vasitəçi (agent),"Təcili satilir !
Qazli Qupcali və İpotekaya yararli mənzil .
Sulu Təpə qəsəbəsi yeni binada 2 otaga duzəlmə mənzil satilir .mənzildə qaz su işiq daimidir . kombi istilik sistemi . mənzil cox gozəl yerdə yerləşir . surettli liftdi var ətrafli məlumat almaq ucun buyurun zəng edin
ofis haqqi 2 % dir",20,"Binəqədi r.
",,,,,,,,,,
1888866,2021-03-06,Yeni tikili,10 / 18,170 m²,3,yoxdur,184 000AZN,vasitəçi (agent),"Tecili satilir!!! Azadliq prospekti varovski kruqunda yerlesen yeni tikilide Qanuni 3 otag satilir.Menzil yelcekendir ,her iki terefe baxisi var.Binada qaz var.Kupca yaxin zamanda verilecek.Binanin yaxinliginda mekteb,baxca,park,avtobus dayanacagi ve  bir iase obyektleri var.Binanin yeralti parking qaraji,suretli lift sistemi,genis heyeti var.Real aliciya endirim olacaq.Ofis haqqi 1 %",33,"Azadlıq Prospekti m.
"," Binəqədi r.
"," 6-cı mikrorayon q.
",,,,,,,,
1947633,2021-03-06,Yeni tikili,7 / 19,165 m²,3,var,430 000AZN,vasitəçi (agent),"COX TECILI!!! XARICE KOCMEKLE ELAQEDAR!!! Seherin merkezinde, Bul-bul prospekti, yeni tikili, tam yasayisli  elit yasayis komplekslerden biri olan “ABU Park” da umumi sahesi 165  kv m olan 3 otaqli super temirli menzil satilir. Mertebe 19/7, otaqlar yelcekendir, dosemesi parket, qurasdirilmis metbex mebeli, 2 sanuzel, cakuzi, sehere ve denize gozel menzeresi. Qaz, suyu, isigi daimidir, istilik sistemi kombi. Bina 24 saat muhafize olunur, 2 suretli lift SIQMA. Butun senedler qaydasinadir KUPCA VAR. Menzil butun bahali mebel ve texnikasi ile bir yerde satilir. Yaxinliqda usaq baxcasi, mekteb, dayanacaq, marketler ve diger iase xidmeti obyektleri yerlesir. 

ОЧЕНЬ СРОЧНО!!! СВЯЗИ С ОТЪЕЗДОМ  ЗА ГРАНИЧУ!!! В центре города, по проспекту Бюл-бюл, в элитной, заселенном жилом комплексе “ABU Park” , продаётся 3-х комнатная квартира обшей площадью 165 кв м.. Этаж 19/7, супер ремонт, комнаты сквозные, полы паркет, встроенная кухонная мебель, 2 с/у, джакузи. Газ, свет, вода круглосуточная, отопительная система комби. В здании 2 скоростных лифта СИГМА, 24 часа охраняемый двор. Все документы в порядке ИМЕЕТСЯ КУПЧАЯ. Квартира продаётся со всей дорогой мебелью и техникой. Рядом детский сад, школа, магазины, остановка и тд.. 
",15,"Azərbaycan Dillər Universiteti 
"," Sirk 
"," Bakı Slavyan Universiteti 
"," 28 May m.
"," Nəsimi r.
",,,,,,
1947631,2021-03-06,Köhnə tikili,2 / 3,65 m²,3,var,79 000AZN,mülkiyyətçi,"Şəhərin mərkəzində, 9-cu kvartalda (Sumqayıt şəhər baş polis idarəsinin yeni binası ilə üzbəüz), 3 mərtəbəli binanın 2-ci mərtəbəsi, Stalinka 3 otaq. Otaqların girişi ayrı-ayrıdır. Tavan hündürlüyü 3 metrdən çoxdur. Mənzərəli eyvanı var açıqdır, Kombi isitmə sistemi var. 10 il əvvəl üçün ela təmir olunub və tək ailə yaşayıb. Hamam-tualeti ayrıdır. Evin qarşı tərəfində artırma üçün kifayət qədər yer var. Şəhəri tanıyanlar evin necə gözəl yerdə yerləşdiyini bilir. Geniş həyəti və ətrafında bir neçə parkı var. Sənədləri var və heçbir kommunal borcu yoxdur. Ciddi alıcılarla qiyməti razılaşdırmaq olar ancaq evə baxdıqdan sonra.",33,"Sumqayıt
",,,,,,,,,,
1947629,2021-03-06,Yeni tikili,10 / 18,130 m²,3,var,142 000AZN,vasitəçi (agent),7mkr Süleyman Sani Axundov küçəsi UNİON PARK yaşayış kompleksi qazlı kupçalı binada 3 otaqlı podmoyak skvaznoy mənzil satılır. Ipotekaya yararlidi. Xaiş olunur real müştərilər əlaqə saxlasın. Ofis haqqi 1 faiz teskil edir,20,"Binəqədi r.
"," 7-ci mikrorayon q.
",,,,,,,,,
1947624,2021-03-06,Yeni tikili,9 / 16,200 m²,4,var,380 000AZN,vasitəçi (agent),"28 may metrosu yaxınlığı.
Yeni tikili binada 4 otağlı, 200 kv.
Əla təmirli mənzil satılır.
Qaz və kupça var. (Çixarış)
Qiymət: 380.000 Azn",30,"TQDK 
"," Neftçi bazası 
"," Nəsimi r.
",,,,,,,,
1947623,2021-03-06,Köhnə tikili,7 / 9,65 m²,2,var,77 000AZN,vasitəçi (agent),"COX TECILI ..Insaatcilar metrosuna 10 deqiqelik mesafede..Gulustan sadliq evinin yaninda 9 mərtəbəli binanın 7-ci mərtəbəsində orta blokda yerlesen,yaxsi temirli,radnoy 2 otaqli menzil tecili satilir...qaz isiq su daimidi..sened kupcadi. İnfrastuktur cəhətdən əlverişli yerdədir, yaxinda mekteb, usaq bagcasi, marketler, klinika, parklar, metro, avtobus xəttləri ve diger infrastrukturlar movcuddur.. Binada 24 saat su gaz isig ka-tv internet ve merkezi istilik sistemi var. Qiymətdə razılaşmaq olacaq. Senedler qaydasindadir. elimizde bu tipli basqa menziller de var..Xahis olunur ciddi sexsler elaqe saxlasinlar.Ofis Haqqi 1",22,"Yasamal r.
"," Yeni Yasamal q.
",,,,,,,,,
1947627,2021-03-06,Köhnə tikili,2 / 5,67 m²,3,var,125 000AZN,vasitəçi (agent),"Çox təcili!! Genclik metrosuna yaxin Binəqədi rayon Ayna sultanova heykəlinin yaninda  Ağasadiq Gəraybəyli küçəsində 5 mərtəbəli binanin 2 ci mertebesinde 67 kv.m olan 2 otaqdan 3 otaqa peredelka olunmus menzil satilir.qaz su isiq daimidir.Kreditlede ala bilersiniz:Ilkin odenis 39000 Azn Ayliq 782 azn Ayna Sultanova heykelinin yani, leninqrad proekti, artirma balkonu var.ofis haqqi 1 %",33,"Ayna Sultanova heykəli 
"," Binəqədi r.
",,,,,,,,,
1947620,2021-03-06,Yeni tikili,9 / 17,400 m²,5,var,1 800 000AZN,vasitəçi (agent),"VURĞUN RESIDENCE

Premium bina !!!
Ekskluziv təklif !!!

Kompleksin 9-cu mərtəbəsində 400 kvadrat metr sahəli 5 otaqlı əla təmirli mənzil satılır.

VIP blok !

ƏŞYALARI İLƏ BİRGƏ !!!

Qonaq otağı dəsti...
Yataq otağı dəsti...

Kondisionerlər (hər otaqda)...

Mətbəx mebeli...
...Elektrik soba
...Mikrodalğalı soba
...Paltaryuyan
...Qabyuyan
...Soyuducu

1 çamaşırxana...
1 qarderob...
1 əşya otağı...
2 sanitar qovşağı...

İsti döşəmə...
Kombi sistemi...
Parket döşəmə...

Avropa istehsalı materiallar...

DİQQƏT !!!
Alıcının reallığından asılı olaraq müəyyən endirim nəzərdə tutulub.",16,"Sirk 
"," Zabitlər parkı 
"," Azərbaycan Dillər Universiteti 
"," Bakı Slavyan Universiteti 
"," Nəsimi r.
",,,,,,
1947626,2021-03-06,Yeni tikili,16 / 16,80 m²,2,var,98 000AZN,vasitəçi (agent),İnşatcilar metrosunun yaninda  Qazli və Kupcali yeni tikilidə 16 nin 16 da 1 otaqdan 2 otaga duzəlmiş yaxşi təmirli mənzil Əşyalari ilə birlikdə satilir.,55,"İnşaatçılar m.
"," Yasamal r.
",,,,,,,,,
1947619,2021-03-06,Yeni tikili,3 / 20,155 m²,3,var,235 000AZN,vasitəçi (agent),"В  Центре  города, около  Насиминского  Базара  в  жилом  комплексе  продается  3 -х  комнатная  квартира  . 20/3  этаж.   Общая  площадь  155  кв.м.  Отличный  ремонт.  2  санузла. 1  санузел  в  спальне.  Отопительная система  комби.  Утепленные  полы.  Продается   со  всей  мебелью. В   здании  скоростные  лифты,  подземный  гараж.  Все  документы  в  порядке.  Имеется   КУПЧАЯ. 

Şəhərin  mərkəzində  3  otaqlı   mənzil  satılır.   20/3  mərtəbə.  Ümumi  sahəsi  155  kv.m.dən ibarətdir.  Əla  təmir.  2  sanitar  qovşagı.1  sanitar  qovşagı  otagdadır. İstilik  sistemi  kombi.  İsti döşəmə. Bütün  əşyalar  ilə  birlikdə  satılır. Binada  sürətli lift,  yeralti qaraj.  Geniş həyəti var.   Sənəd KUPÇA. 
",22,"Nəsimi bazarı 
"," Nəsimi r.
",,,,,,,,,
1947625,2021-03-06,Yeni tikili,10 / 17,148.5 m²,3,yoxdur,192 500AZN,vasitəçi (agent),"Yasamal rayonu Ebdulvahab Salamzade kucesinde, shəhərin mərkəzində yerləşən, yüksək peşəkarlıqla, keyfiyyətli və ekoloji təmiz Alman,Türk və Ukrayna istehsalı materiallarla tikilmiş ""Prestij Park"" yaşayış kompleksində 17 mertebeli binanin 10-cu mertebesinde 3 otagli 148.5 kv temirsiz menzil .tecili wirket deyerinden ucuz satilir. Prestij Park yaşayış kompleksində rahat yaşayış üçün: uşaq bağçası, marketlər, idman zalı, ikimərtəbəli avtodayanacaq və oyun meydançası mövcuddur. Butun komunikasiya xetleriyle temin olunub qaz iwiq su 7/24 daimidir. Gelen aya kupcayla temin olunacaqdir..",95,"Yasamal r.
",,,,,,,,,,
1873817,2021-03-06,Yeni tikili,4 / 18,120 m²,3,var,235 000AZN,mülkiyyətçi,"Şəxsi menzilim, möhtəşəm görünüşlü pilot layihe. Qaz ve cixariş. Təmirsiz.

Metro 28 May, Neft Akademiyasi, Dostluq kinoteatri, Park Zorge, 28 MALL, Slavyan Universiteti, Amerika sefirliyi ve Azadliq meydanina yaxin mesafe.

Menzilin yaninda supermarket, mekteb ve diger infrastrukturlar var.

Deniz menzereli",33,"28 May m.
"," Neft Akademiyası 
"," Bakı Musiqi Akademiyası 
"," Bakı Slavyan Universiteti 
"," Milli Konservatoriya 
"," Nəsimi r.
",,,,,
1947617,2021-03-06,Köhnə tikili,5 / 5,70 m²,3,var,88 000AZN,vasitəçi (agent),Cox Tecili Satilir...Nesimi r 5 MKR da Qizil Tacin yaninda 5 mertebeli binanin 5 ci mertebesinde radnoy 3 otaqli menzil deyerinden asagi satilir real musteri ile danismaq da olar yaninda mekteb baxca marketler var seherin istenilen yerine masrut xetleri cox elverisli yerdedir..Xahiw olunur ciddi wexsler elaqe saxlasin...OFIS HAQQI 1%,40,"Memar Əcəmi m.
"," Nəsimi r.
"," 5-ci mikrorayon q.
",,,,,,,,
1906573,2021-03-06,Yeni tikili,16 / 18,185.5 m²,4,var,275 000AZN,vasitəçi (agent),"Nəsımı rayonu Hesen Eliyev kucesinde, Asan xidmetle uz-uze Xan Şuşinski kücesinde, 18 mertebeli binanin 16-ci mertebesinde umumi sahesi 185.5 kv.m olan 4 otaqli menzil satilir. Menzilin temirinin 80 faiz iwi gorulub divarlar agardilib, elektrik santexnik , tavani alcipanla yigilib,istilik polu ve kombi sistemi qurawdirilib.Menzilden cox gozel menzere acilir. Bina tam yawayiwlidir butun komunikasiya xetleriyle tehciz olunub qaz iwiq su 7 /24 saat daimidir. Binanin etrafinda mekteb bagca aliw veriw dukanlari Universitet Asan xidmet ve gozellik salonlari yerlsir",26,"Neftçi bazası 
"," Tibb Universiteti 
"," Nəsimi r.
",,,,,,,,
1945250,2021-03-06,Yeni tikili,7 / 16,126 m²,3,var,169 300AZN,vasitəçi (agent),"Nesimi rayonu Semed Vurgun kucesi, Niaqara restoranin yaninda, yeni inwa edilmiw KUPÇALI 16 mertebeli binanin 7-ci mertebesinde, umumi sahesi 126 kv.m 3 otaqli temirsiz menzil satilir. Menzilde yataq otaqinda ve ayrica sanitar qovwaqi var. Binada tam yawayiw var,butun komunal xetler cekilib qaz iwiq su 7/24 daimidir. Binada 2 suretli lift ,kamera nezerati, heyatyani sahesi avto dayanacaq var. Binanin etrafinda mekteb, bagca universitet,aliw veriw dukanlari Asan xidmet ve bir nece obyektler yerlewir. Binada kupca var",155,"Nəsimi r.
",,,,,,,,,,
1947614,2021-03-06,Yeni tikili,12 / 16,90 m²,2,var,89 000AZN,vasitəçi (agent),"TƏCİLİ !!!..(QİYMƏTİ 89.000 AZN). Xırdalan şəhərində Heydər Əliyev parkının yaxınlığında yerləşən,West star yaşayış kompleksində 16 mərtəbəli yeni-binanın 12-ci mərtəbəsində,ümumi sahəsi 90 kv/m olan 2 otaqlı yelçəkən,(skvaznoy) bacarıqlı dızayınerlər tərəfindən şəxsi yaşayış üçün əla təmir olunmuş mənzil təcili olaraq satılır.Binanın ətrafında yaşayış üçün zəruri olan hər cür iaşə obyektləri var.Hasarlanmış həyət,24 saat mühafizə xidməti,mənzilləri 3 günlük qəza su ehtiyatı ilə təmin edəcək su anbarı,yanğın siqnalizasiya və xəbərdarlıq qurğuları,xaricdə istehsal edilmiş sürətli sərnişin və yük liftləri,pvc plastik qapı və pəncərə,dəmir seyf qapı,mərmər örtüklü giriş və pilləkənlər,daimi elektrik ,qaz və su təczihatı,yeraltı geniş avtomobil dayanacağı,İsti –soyuğa davamlı izoliyasiya qatı və nəmlənməyə qarşı fasad,sərfəli və keyfiyyətli kommunal xidmət və fasiləsiz işıqla təmin edəcək işıq generatoru kimi yüksək və özünəməxsus keyfiyyətlərə malikdir.Ətraflı məlumat üçün zəng vura və ya WhatsApp-la əlaqə saxlaya bilərsiniz.",24,"Xırdalan
",,,,,,,,,,
1898503,2021-03-06,Yeni tikili,10 / 17,95 m²,2,yoxdur,83 600AZN,vasitəçi (agent),Yasamal rayonu Yeni Yasamal qesebesinde MAHAL MTK wirketinin inwa etdiyi yeni 17 mertebeli binanin 10-cu mertbesinde umumi sahesi 95kv.m olan 2 otaqli temirsiz menzil wirket deyerinden ucuz satilir. Binada yaxin aylarda temire icaze verilecek. Binanin etrafinda mekteb bagca aliw veriw dukanlari ve aptek yerlewir. Bina cox keyfiyyetle ve suretle insa edilir.,213,"Yasamal r.
"," Yeni Yasamal q.
",,,,,,,,,
1947615,2021-03-06,Köhnə tikili,4 / 5,75 m²,3,var,130 000AZN,vasitəçi (agent),"TƏCİLi Nərimanov metrosu 3-4-məsafədə 3-otaqlı daş leninqrad layehəli 3-otaqlı orta blokda cox-cox mənzil təcili satılır.Mənzilin təmiri orta təmirlidi,döşəməsi parket,balkonları acıqdır.Vasitəcilik xidmətinin haqqı məbləğin 1%-dir.",173,"Nəriman Nərimanov parkı 
"," Nəriman Nərimanov m.
"," Nərimanov r.
",,,,,,,,
1833190,2021-03-06,Köhnə tikili,4 / 5,180 m²,4,var,299 000AZN,vasitəçi (agent),"EKSKLYUZİV TƏKLİF!!!
BAKININ ELİT RAYONUNDA!
Şəhərin ekoloji cəhətdən təmiz, elit rayonlarından birində, Yasamal rayonu, Hüseyn Cavid prospektində, Əzizbəyov parkına baxan , ""Arxitektur Stalinka"" da yüksək zövqlə təmir olunmuş 4 otaqlı(2+3) super təmirli mənzil satılır. 5/4, ümumi sahəsi 180 kv.m. Yelçəkəndir. Geniş, hündür tavanlı otaqlar, döşəmə yüksək keyfiyyətli parket, quraşdırılmış mətbəx mebeli, kondisioneri, vanna otağı, duş kabinası aksesuarlarıyla, daimi qazı, işığı, suyu, kombi istilik sistemi, səssiz, sürətli liftləri, geniş infrastrukturu.....Qazı və Kupçası var. Rahat və əlverişli yerdə yerləşir. Geniş infrastruktura malikdir. Daha ətraflı elanda qeyd olunmuş nömrəylə əlaqə saxlaya bilərsiniz. ------------------------------------------------------------------------------
ЭКСКЛЮЗИВНЫЙ ВАРИАНТ!!!
В ЭЛИТНОМ РАЙОНЕ БАКУ!
На Ясамальском районе, на проспекте Гусейна Джавида, с видом на парк Азизбекова в ""Архитектурной Сталинке"" продается 4-х комнатная квартира (2+3) с супер ремонтом. 5/4. Общая площадь 180 кв.м. Квартира Сквозная. В ремонте использованы, качественные строительные материалы. Просторные комнаты, полы паркет, светлая, большая кухня-заказная, дорогая встроенная кухонная мебель, 2 кондиционера, санузел, ванная-душевая кабина с дорогими аксессуарами. Свет, газ, вода постоянно, отопительная система комби… Газ и Купчая имеется. Место для паркинга. Развитая инфраструктура. Подробнее по телефону.
",25,"Space TV 
"," Texniki Universiteti 
"," Memarlıq və İnşaat Universiteti 
"," Yasamal r.
",,,,,,,
1916108,2021-03-06,Yeni tikili,18 / 19,134.1 m²,3,yoxdur,157 500AZN,mülkiyyətçi,"Menzil temirden yeni cixib temirden sonra yasayis olmayib. Tam keyfiyyetli materiallardan ostifade olunub.Menzilin butun pencereleri deyisib,balkonlara cixis boyuk pencereler,knauf isti pol,firat boru turbalar,nemetski aboy ve s.elave melumat ucun buyurub elaqe saxlaya bilersiniz.",56,"İnşaatçılar m.
"," Yasamal r.
"," Yeni Yasamal q.
",,,,,,,,
1947612,2021-03-06,Yeni tikili,15 / 15,70 m²,2,var,145 000AZN,vasitəçi (agent),"Təcili Satılır...Qaz Kupça var...
pr.Azadlıq Neftçi sağlamlıq mərkəzinə
uaxın 2 otaq 3 otaq düzəlmə mənzil
satılır...Makler və Firmalar narahat etməsin..",29,"Neftçi bazası 
"," TQDK 
"," Nərimanov r.
",,,,,,,,
1638863,2021-03-06,Yeni tikili,9 / 27,66 m²,2,yoxdur,125 000AZN,mülkiyyətçi,"Öz menzilimi satiram vasiteci deyilem. Menzil super temirlidir binada yasayis var qaz var yaxin aylarda cixaris verilecek. Menzil Baki seherini en prestili mohtesem ve tekrar olunmaz komplekslerinden biri olan Yeni Heyat sirketinin inşa etdiyi GRAND HEYAT kompeksinde yerlesir. Kompeks yuksek standartlara uygun olan 7S standartlarina uygun inşa edilid. Kompleksi taniyanlar bilirki tikinti cox cox yuksek seviyyede aparlmisdir bele kompleks hele Baki şeheride inşa edilmeyib. Yasamaq ucun kompleksde her bir serait yaradilmisdir kompleksin heyatyani sahesi demek olarki 4-5 hektardir sakinlerin istiraheti ucun her seh dusunulub bu kompleksde yasayan sakinlerin Baki seherinde yerlesen diger istirahet parklarina getmeye ehtiyaci olmayacaq cunku kompleksin heyetinde parklardan gozel serait yaradilacaq usaqlar ucun futbol basketbol ve voleybol meydancasiinsa edilib atraksionlar qurasdirilir.  Menzil temirlidir təmir zamanı yüksək keyfiyyətli tikinti matreallarından istifadə edilmişdir. Mətbəx mebeli yığılıb mətbəx mebelinin materialları Həsənoğlu firmasından alınmışdır. Qaz, asperator, moyka Türkiyənin ROKOS firmasının istehsalıdır. Mətbəx, xoll, hamam isti polnan təchiz olunmuşdur. Mənzilin oboyları İtaliyanın MURELLA, ZAMBAITI PARATI firmasının istehsalıdır. Pərdələr və çılçiraqlar Türkiyyə istehsalıdır. Parket qırmızı ağacdan Merabo firmasının istehsalıdır. Dartma tavanlar Almaniya istehsalidir 20il qarantiyalidir. Bina 27 mərtəbədən ibarətdir mənzil 9cu mərtəbədə yerləşir 1otaqdan 2otaga duzelmisdir. Mənzilin baxışı cənub istiqamətinədir daim gün görən və işıqlı mənzildir qarsisisinda hec bir maneə yoxdur menzilin qarsisi tam aciqdir. Bir sozle yasanaq ucun menzilde ve binada her cur serait yaradilib. Alib arendaya vermek ucun ideal variantdir bu kompleksde arendalarin qiymeti cox yuksekdir. Binanın her blokunda 6 ədəd sürətli Otis liftləri, 24 saat mühafizə xidməti  3 mertebeli yeralti avtomobil dayanacagi vardir. Binaın altında gelecekde boyük eylence merkezleri restoranlar super market usaq baxcasi brend magazalar gozellik spa fitnes salonlari ve diger iaşe obyektleri acilacaq. Kompleks əsas yolun Tbilisi prospektinin üstündə yerləşir. Kompleks şəhər mərkəzinə avtomobille 4-5 deqiqəlik məsafədə yerləşir. Mənzildə təmirdən sonra yaşayış olmayıb.Xaiş olunur real alıcılar zəng vursun. Real musterilerle qiymetde danisiq yeri var.",152,"Yasamal r.
",,,,,,,,,,
1947611,2021-03-06,Yeni tikili,15 / 16,80 m²,2,yoxdur,134 500AZN,vasitəçi (agent),"“EVROSTROY ” MTK!!!!!! YASAMALDA!!! ATV KANALIN YANINDA!!!
Şəhərin nüfuzlu yerlərindən birində, Gözəl Dənizə Panaramasıynan, Abbas Mirzə Şərifzadə küçəsində 2 otağli super təmirli mənzil satilir. Umumi sahəsi 80 kv.m., mərtəbəsi 16/15. Qaz var,Dokument Muqavilə. Geniş, hündür tavanlı otaqlar, PVC pəncərələr, sanitar qovşağı. İstilik Sistemi Kombi. 2 surətli lift, geniş həyəti,uşağlar üçün oyun meydançası. Binanın altında marketlər,Apteklər,inşaat mağazalar var. Xüsusi zövqlə və yüksək keyfiyyətlə tikilmiş.İnfrastruktur baxımından şəhərin istənilən yerinə yaxın məsafədə yerləşir. Daha ətraflı elanda qeyd olunmuş nömrəylə əlaqə saxlayın.
--------------------------------------------------------------------------------------------------------------------------------------------------------------------

“EVROSTROY ” MTK!!!!!! В ЯСАМАЛЕ!!! НАПРОТИВ АТВ КАНАЛА!!!
В Ясамальском районе, по улице Аббас Мирзя Шарифзаде, с прекрасной Панарамой на море продается 2-х комнатная квартира с отличным ремонтом . 80 кв.м, 16/15 этаж. ЕСТЬ ГАЗ. Документ Договор.Чистые подъезды. Просторные комнаты, высокие потолки, PVC окна. Отопительная система Комби.Место для парковки, развитая инфраструктура. Закрытый двор, детская площадка.Под домом Маркеты, аптеки, строительные магазины.Сейфовые двери с контролем доступа. Домофон. Респектабельные соседи. Просторные, 2 скоростных лифта. Центральная система отопления. Продается с мебелью. Подробнее по телефону",34,"Bakı Dövlət Universiteti 
"," Yasamal r.
"," Yasamal q.
",,,,,,,,
1947610,2021-03-06,Köhnə tikili,3 / 6,65 m²,3,var,129 000AZN,vasitəçi (agent),"Tecili !!! 28 may metrosunun cixisinda  Semed Vurgun baginin yaninda 3 otaqli menzil satilir.Menzil yaxsi temirlidir 2 otaqdan 3 otaqa predelka olunub,Metbex stuido olunub,ekspremental layihedir,Ipotekaya yararlidir.Qaz su isiq daimidir,Binada lift var.Kupcalidir,Kiraye ucun ideal variantdir,esyali 132,000,KUPCALIDIR,Ofis haqqi 1 %",36,"Səməd Vurğun parkı 
"," 28 May m.
"," Neft Akademiyası 
"," Nəsimi r.
",,,,,,,
1942080,2021-03-06,Yeni tikili,15 / 19,106 m²,2,yoxdur,142 000AZN,vasitəçi (agent),"Temirden sonra yasayis olmamis menzil Tecili satilir.
Elave melumat ucun zeng edin.",32,"Yasamal r.
",,,,,,,,,,
1947605,2021-03-06,Yeni tikili,4 / 17,216 m²,4,yoxdur,209 500AZN,vasitəçi (agent),"Nerimanov rayonu Tebriz kucesi ""Su Sonasi"" shadliq sarayinin arxasinda, Elieshref Elizade kucesinde, ""Ay1 MTK"" wirketinin yeni Inwa etdiyi 17 mertebeli binanin 4-cu mertebesinde, umumi sahesi 216kv. m olan 4 otaqli temirsiz menzil wirket deyerinden cox ucuz satilir. Binada butun komunikasiya xetleri cekilib qaz, iwiq, su 7/24 daimidir. Bina Cox gozel ve elveriwli mekanda Inwa edilib Genclik ve Nerimanov metrolarindan 5-7 deq mesafede yerlewir. Binanin etrafinda mekteb, bagca, aliw veriw dukanlari, restoran, Tehsil Nazirliyi ve Heyder Eliyev merkezi yerlewir. Bina yaxin zamanda kupcayla temin olunacagdir.",27,"Təhsil Nazirliyi 
"," Azərbaycan turizm institutu 
"," Nərimanov r.
",,,,,,,,
1947604,2021-03-06,Yeni tikili,3 / 16,50 m²,2,yoxdur,73 000AZN,vasitəçi (agent),"Yeni Yasamal qəsəbəsində Dadaş Bünyadzadə küçəsində 16 mərtəbəli binanın 3-cü mərtəbəsind, 50 kv.m sahəli, 2 otaqlı, təmirli mənzil satılır. Binanın yaxınlığında məktəb, uşaq bağçası, marketlər, müxtəlif iaşə obyektləri, avtobus dayanacağı var. Yeni Yasamalın inkişaf etmiş infrastuktura malik ərazidə yerləşir. ",30,"Yasamal r.
"," Yeni Yasamal q.
",,,,,,,,,
1947603,2021-03-06,Köhnə tikili,1 / 5,67 m²,3,var,67 000AZN,vasitəçi (agent),Bineqedi rayonu Bileceri qesebesi 202 nömreli marşurutun dayanacaqına yaxın 5mertebeli binanın 1ci mertebesinde 3otaqlı orta temirli menzil satılır .Daş bina otaqlar ayrı ayrı .,28,"Binəqədi r.
"," Biləcəri q.
",,,,,,,,,
1947601,2021-03-06,Yeni tikili,12 / 15,102 m²,3,var,116 000AZN,vasitəçi (agent),"Təcili !!!
Qazlı + Kupçalı yeni tikili !!!
Yasamal rayonu, Yeni Yasamal qəsəbəsi
İnşaatçılar m/s
- 15 mərtəbəli binanın 12– ci mərtəbəsi
- 3 otağa düzəlmə mənzil
- Ümumi sahəsi 102 kv/m
- Mənzilin sənədləri qaydasındadır – alqı satqıya hazırdır.
- Mənzil super - yeni təmirlidir. Gözəl proyekti var, işıqlı geniş mənzildir, geniş balkon, 2 s/q. Qaz su işıq daimidir, istilik sistemi kombi
- Şəkillər mənzilə aiddir.
- Yaxınında dayanacaq, mağazalar, uşaq bağçaları, məktəblər və s. yerləşir.
- Qiymət: 116.000 ₼ - Real alıcıya endirim olacaq.
Ofis haqqı 1%.
----------------------------------------------------------
СРОЧНО!!!
НОВОСТРОЙКА С ГАЗОМ И КУПЧЕЙ!!!
Ясамалский район, Новый Ясамал
Иншаатчилар м/с
- 12-й этаж 15-и этажного дома
- Продается 3-х комнатная квартира .
- Общая площадь 102 кв/м .
- Документы на квартиру в порядке - покупка готова к продаже.
- Квартира с хороший ремонтом. В квартире красивый дизайн, просторная светлая квартира. Газ, вода, свет постоянный, Система отопления КОМБИ. 

- Фотографии принадлежат квартире.
- Рядом много магазинов и государственных учреждений , а также вся инфраструктура. Охраняемая территория имеется двух этажная автомобильная парковка
- Цена:116.000 ₼ - Реальным покупателям будет скидка.
Комиссия офиса - 1%.",292,"Yasamal r.
"," Yeni Yasamal q.
",,,,,,,,,
1947597,2021-03-06,Yeni tikili,15 / 16,52 m²,2,var,85 000AZN,vasitəçi (agent),"Teceili!!Bineqedi rayon 9 cu mikrorayon  Adil memmedvo kucesinde 16 mertebeli binanin 15 ci mertebesinde 52 kv.m olan 1 otaqdan 2 otaqa peredelka olunmus menzil satilir.qaz su isiq daimidir.Evin ətrafındakı Araz mağazasının üstündə bütün şəhərin möhtəşəm panoraması olan bütün əşyaları ilə birlikdə əla təmirli mənzil satilir, bütün rabitə və infrastruktur.Ofis haqqi 1%",34,"Binəqədi r.
"," 9-cu mikrorayon q.
",,,,,,,,,
1947600,2021-03-06,Yeni tikili,4 / 18,120 m²,3,var,170 000AZN,mülkiyyətçi,"Öz evimdir. Təmirinə 65000manat.
 Mebilinə 10000manat. Pul xərcləmişəm Etiyac yarandıqı ücün satıram.
Xahiş edirəm Reyal alıcı zəng etsinlər.",578,"İnşaatçılar m.
"," Yasamal r.
"," Yeni Yasamal q.
",,,,,,,,
1861370,2021-03-06,Yeni tikili,4 / 9,300 m²,5,var,900 000AZN,vasitəçi (agent),"Seherimizin en nufuzlu erazilerinden ve en elit binalarindan biri olan , mohtesem gorunusu ile nagillar alemini xatirladan ROSEVILLE PREMIUM RESIDENCE Yasayis Kompleksinde 9 /4 umumi sahesi 300 kv/m 5 otaqli temirsiz menzil satilir.
Roseville Premium Residence yasilliqlarla ehatelenen ve mohtesem Skandinaviya uslubu ile insa edilmis bir nece binadan ibaret yasayis kompleksidir. Usaq-eylence parki, aciq hovuz , gul-cicekli bagcalar, avtodayanacaq ile temin edilib.
Roseville Premium Residence sakinlerine luks yasayis terzi ved edir.",31,"Zoopark 
"," Nərimanov r.
",,,,,,,,,
1947596,2021-03-06,Yeni tikili,6 / 16,70 m²,3,var,132 000AZN,vasitəçi (agent),"QAZLİ VƏ ÇİXARİŞLİ!!!

Yeni tikili 8mkr,KRİSTAL-ABŞERON yaşayiş kompleksində yerləşir,mənzil binanin cənub hissəsində yerləşir,2otaqdan 3otaqa duzəlib,əla təmirli,mənzil mebellərlə satilir,istilik sistemi kombi,mərmər bloklar,surətli liftlər,yeralti qaraj,24saat muhafizə və kamera muşahidəsi,və s.

ГАЗ И КУПЧАЯ ЕСТЬ!!!

Комплекс расположен в 8мкр,в комплексе КРИСТАЛ-АБШЕРОН,квартира расположена в среднем блоке,на южной стороне комплекса,переделана в 3х комнату,суперремонт,квартира продается со всей мебелью и техникой,отопительная система комби,мраморный блок,скоростные лифты,круглосуточная охрана и видеонаблюдения,т.д.",28,"Azadlıq Prospekti m.
"," Binəqədi r.
",,,,,,,,,
1947595,2021-03-06,Yeni tikili,6 / 11,80 m²,2,var,132 000AZN,vasitəçi (agent),"Nerimanov rayonu Hesen Eliyev kucesinde Kral wadliq sarayinin arxasinda yeni inwa edilmiw 11 mertebeli KUPÇALİ binanin 6 inci mertebesinde umumi sahesi 80 kv.m olan 2 otaqli termirsiz menzil wirket deyerinden ucuz satilir.Binada butun komunikasiya xetleri cekilib qaz, iwiq su daimidir.Binada yer alti parking xidmeti , kamera nezareti ve heyet yani sahesi var.Binanin etrafinda mekteb bagca aliw veriw dukanlari yerlewir.Qeyd edimki menzilin wirketde 1 kv,m olan deyeri 1800 azn -den bawlayir.Binada kupcada var",41,"Nərimanov r.
",,,,,,,,,,
1947592,2021-03-06,Köhnə tikili,6 / 9,80 m²,3,var,105 000AZN,vasitəçi (agent),"H.Aslanov  metrosunun çıxışında,BTB Bankın arxasında yerləşən Kiev lahiyəli binada 9/6 mərtəbəsində orta blokda  qanuni 3 otaqlı əlatəmirli qazlı kupçalı mənzil satılır.Mənzil skvaznoydur,həyətə və metroya baxır.Mənzilin polu parketdir,kombi sistemi çəkilib,yeni mətbəx mebeli qoyulub.Hamam tualet əsaslı təmir olunub.Blokda əlavə kladovkası da var.Metroyla arası 70-80 metrdir.Qaz + Kupça",25,"Həzi Aslanov m.
"," Xətai r.
"," Həzi Aslanov q.
",,,,,,,,
1934685,2021-03-06,Yeni tikili,8 / 17,118 m²,3,var,195 000AZN,vasitəçi (agent),"Təcili, 28 May və Gənclik Metrolarına yaxın, KUPÇALI (ÇIXARIŞ), QAZLI MƏNZİL, Nəsimi Bazarından aşagı, Zogal Restoranı, 195 Çagrı Mərkəzi yanı, Dədə Qorqud Parkına yaxın, İrşad Otelin arxası 8\17, Pol Parket, Açıq Eyvan küçəyə baxır, Otaqlar Geniş, isitmə sistemi Kombi, ƏLA TƏMİRLİ",334,"Nəsimi bazarı 
"," Koala parkı 
"," Dostluq kinoteatrı 
"," Zoopark 
"," Nəsimi r.
",,,,,,
1947591,2021-03-06,Yeni tikili,6 / 16,150 m²,4,var,2 800 000AZN,vasitəçi (agent),Tecili ! Insaatcilar metrosunun duz cixsinda Yeni tikili binada 4 otagli orta blokda yerlesen [yelceken]  tam temirli butun esyalari ile birlikde menzil satilir ! ,30,"İnşaatçılar m.
"," Yasamal r.
"," Yasamal q.
",,,,,,,,
1947588,2021-03-06,Yeni tikili,8 / 10,100 m²,3,var,180 000AZN,vasitəçi (agent),"TƏCİLİ, Kupçalı Qazlı Mənzil, Elmlər Akademiyası Metrosuna yaxın, İnşaatçılar Prospekti, Xalq Bankın yanı, 3 Otaqlı, 8 ci Mərtəbə, Xüsusi Layihə, Skovoznoy, 2 Eyvan, Binanın Şlaqbaumlu girişi və nəzarətçisi var, Super Təmirli, Mətbəxi 16 kv.m, Geniş zalı var 35 kv/m, Pol parket, İsitmə sistemi Kombi, Qiymət sondur",484,"Elmlər Akademiyası m.
"," Hüseyn Cavid parkı 
"," Yasamal r.
",,,,,,,,
1947590,2021-03-06,Yeni tikili,3 / 12,49 m²,2,var,72 500AZN,vasitəçi (agent),"Təcili!! Nəsimi rayonu, Qafqaz otel, Bolmart marketin yanında 12 mərtəbəli yeni tikili binanın 3-cü mərtəbəsi 47 kv, 1 otaqlı(2 otağa çevirmək mümkündür) Podmayak mənzil Satılır. Binada qaz, su, işıq daimidir. Sənədi Kupça. ",40,"Bakı Asiya Universiteti 
"," Nəsimi r.
",,,,,,,,,
1947585,2021-03-06,Yeni tikili,17 / 17,130 m²,3,yoxdur,135 000AZN,vasitəçi (agent),"Tecili !!! Butun esyalari ile birlikde . Nerimanov rayonu , K.Rehimov kucesi , Heyder Eliyev merkezinin yaninda 17 mertebeli binanin 17 ci mertebesinde 3 otaqli tam temirli menzil satilir . 2 liftin 2 side 17ci mertebeye qalxir . Su, isiq , qaz daimidir . Shirketin xidmet haqqi 1 %",36,"Təhsil Nazirliyi 
"," Azərbaycan turizm institutu 
"," Nərimanov r.
",,,,,,,,
1947581,2021-03-06,Yeni tikili,7 / 18,150 m²,3,var,300 000AZN,mülkiyyətçi,"Inqlabda Asan Xidmetle Uzbe-Uzde QAZLI,Kupcali Menzil Satilir!Hazir Ipoteka!Oz adimadir menzil.Oz menzilimdir.Hazir ipotekadadir:ilkin odenis 170000AZN,Banka Borcu 15il Ayliq odenis 1400AZN.(Bu Gune Borcu Banki Baglasag 130000AZN).Super temirli menzildir.Yeni Temir Olunub.Butun Esyalar ile Birlikde Satilir.(2-3Esya Cixmaqla).Mebeller Yenidir.4Eded Kondisioner (Mitsubishi)Kombi Ve Ariston Movcuddur.Ozum Ucun Temir Etmisem.Bahali Materiallardan istifade Olunub.Oboylar Brenddir.Ev Yuksek Seviyyede Temir Olunub.ideal proyektdir.Boyuk Eyvani Var.2Sanuzel Qovsagi.Cox az yasayis olub menzilde.esyalar yeni kimidir.Mənzilin qazi,suyu,işiği daimidir və sənədləri qaydasındadır -Çıxarış (Kupça).Binanın yaxınlığında orta məktəblər, uşaq bağçaları, super-marketlər, avtobus dayanacaqları və s. yerləşir.Qiymetde Razilasa Bilerik Real alici ile.Xahis Edirem Real Alici Elaqe Saxlasin.ipoteka kreditini Alan adamin adina asanliqla kecirmek mumkundur.Kupcada Hemcinin Adina Kececek.Barter Mumkundur Masin Ve Ev ile.",572,"Gənclik m.
"," Nərimanov r.
",,,,,,,,,
1947584,2021-03-06,Yeni tikili,11 / 13,65 m²,2,var,85 000AZN,vasitəçi (agent),"TECILI SATILIR!!! Yeni yasamal, 77-nomeli avtobusun son dayanacagina yaxin erazide, Bazar store,Bravo marketin yaxinliginda, yeni tikili 13 mertebeli binanin 11-ci mertebesinde, 65 kv.m, 2 otag, Yaxsi Temirli ESYALI, KUPCALI menzil satilir. Qazi,Suyu,Isigi.Daimidir. Istilik sistemi Kombi dir. Binanin yaxinliginda Super Marketler, Ailevi restoranlar, iase obyektleri yerlesir. Bir sozle yasamaq ucun tam ideal Menzildir. KUPCA var Ipoteka ya yararlidir. Ofis xidmet haqqi 1%",31,"Yasamal r.
"," Yeni Yasamal q.
",,,,,,,,,
1947583,2021-03-06,Yeni tikili,4 / 6,70 m²,2,var,87 000AZN,vasitəçi (agent),"Badamdar qəsəbəsində, ekaloji cəhətdən təmiz ərazidə yerləşən 6 mərtəbəli yenitiki binanın 4-cü mərtəbəsində 2 otaqlı, 70 kvm, təmirsiz mənzil satılır. Mənzildə kombi sistemi quraşdılıb, elektrik işləri görülüb, patalok vurulub.",40,"Səbail r.
"," Badamdar q.
",,,,,,,,,
1947580,2021-03-06,Yeni tikili,7 / 11,56 m²,2,yoxdur,70 000AZN,mülkiyyətçi,"1den 2 otaq duzeldme oz evimdi satiram 
Her bir seraiti var su qaz ishiq istilik sistemi ",52,"Neapol dairəsi 
"," Xətai r.
",,,,,,,,,
1947579,2021-03-06,Yeni tikili,9 / 16,204 m²,4,var,407 000AZN,vasitəçi (agent),"TƏCİLİ SATILIR !!!
DƏYƏRİNDƏN UCUZ !!!

QAZ + ÇIXARIŞ 

Şəhərin Prestijli və Mərkəzi yerlərindən olan Azaqlıq prospektində şəhərin ən Möhtəşəm və ən Əzəmətli binalarından olan AZADLIQ RESİDENCE - də 4 otaqlı mənzil satılır.

Mənzil 2 ədəd mənzilin birləşməsidir. Birləşmə olduğu üçün mənzilin çox UĞURLU, GENİŞ və İŞIQLI layihəsi var.

Mənzilin BÜTÜN otaqlarında EYVAN var, hətta qonaq otağı və digər daha bir otaqda 2 ədəd eyvan var. Mənzildə 3 ədəd sanitar qovşaq və ayrıca qarderob otağı var. Yelçəkəndir ( skvoznoy ).  Qonaq otağı KVADRAT formasındadır. Əlavə olaraq mənzildə istədiyiniz dəyişikliyi etmək mümkündür !

Binanın geniş və yaşıllıqlı həyəti var. Həyətdə uşaqlar oynamaq üçün atraksionlar, stadion və idman alətləri var. Əlavə olaraq binanın 2 mərtəbəli yeraltı qarajı var. Bina səssiz,sürətli və son model THYSENKRUPP LİFT  - ləri ilə təhciz olunmuşdur. Liftlər hər iki yeraltı qaraja düşür. 

TƏLƏSİN SİZİ QABAQLAMASINLAR !

Firmanın xidmət haqqı mənzilin ümumi qiymətinin 1% - təşkil edir !!!",141,"Nəsimi bazarı 
"," Koala parkı 
"," Nəsimi r.
",,,,,,,,
1947578,2021-03-06,Köhnə tikili,2 / 9,106 m²,4,var,165 000AZN,vasitəçi (agent),"Nerimanov rayonu Ayna Sultanov Heykeline yaxin Istanbul NS klinikasinin arxasinda 9 mertebeli daw Eksperimentalni binanin 2-ci mertbesinde 4 otaqli yaxwi temirli menzil qiymetinden ucuz satilir. kupcada 106 kv.m (bele umumi sahesi 130kv.m) qeyd olunub. Menzil skvaznoydur her iki terefe geniw balkonlari var. Binanin etrafinda mekteb bagca, marketler, geyim dukanlari yerlesir.",26,"Ayna Sultanova heykəli 
"," Nərimanov r.
",,,,,,,,,
1947576,2021-03-06,Yeni tikili,14 / 17,55.1 m²,2,var,95 000AZN,mülkiyyətçi,Super temir.Kupca ve gaz.2-otagliya duzelib.Isti pol.parket ela sort palid.kuxna mebeli mdf-akril!.cilcirag.perdeler.Orta mertebe!(AMK-mtk kompleks ).Binanin altinda market.salon.dukanlar.baxca.Yaxinliginda mekteb.ostanovka.Havasida temiz!Wexsi evimdir.Real aliciya endirim olunacagdir!(gir yawadir!).,40,"Binəqədi r.
"," 9-cu mikrorayon q.
",,,,,,,,,
1947577,2021-03-06,Yeni tikili,11 / 16,100 m²,3,var,160 000AZN,vasitəçi (agent),"Tecili olaraq Nizami rayonu Nefciler metrosu yaxinliginda   Yeni tikili binada 2/3 duzeldilmis ela temirli su,qaz,isiq daimdir. Ideal menzil satilir.Etrafli melumat ucun elaqe saxlaya bilersiz",33,"Neftçilər m.
"," Nizami r.
",,,,,,,,,
1947574,2021-03-06,Yeni tikili,16 / 18,96 m²,2,var,180 000AZN,vasitəçi (agent),"Nəsimi Rayonu, Nəsimi Bazarına yaxın, Bazarstore üstü 2 0taqlı, KUPÇALI və QAZLI Mənzil, Əla Təmirli, Bütün Mebellər və Texnika İlə birlikdə Satılır",113,"Nəsimi bazarı 
"," Nəsimi r.
",,,,,,,,,
1947572,2021-03-06,Yeni tikili,12 / 19,121 m²,3,var,188 000AZN,vasitəçi (agent),"QAZ+KUPÇA+TAM ƏŞİYALI
Xətai rayonu, Əhmədli qəsəbəsi, Həzi Aslanov metrosunun yanında, yeni tikili binanın 19/12-ci mərtəbəsində yerləşən, sahəsi 120 KV/M olan, ƏLA təmirli, TAM ƏŞİYALI 3 otaqlı mənzil satılır. Binanın ətrafında məktəb, baxça, marketlər və sayır iaşə obyektləri var. Sənəd - Çıxarış (Kupça).",30,"Həzi Aslanov m.
"," Xətai r.
",,,,,,,,,
1947570,2021-03-06,Yeni tikili,3 / 9,108.9 m²,3,var,95 000AZN,mülkiyyətçi,"Xırdalan şəhəri Bakı Mühəndislik Universitetinin (əvvəlki adı ilə Qafqaz Universiteti) yaxınlığında yeni tikili binanın 3-cü mərtəbəsində orta təmirli, əşyaları ilə birlikdə 3 otaqlı, çox gözəl mənzərəli mənzil satılır. Mənzilin hər iki tərəfə açılan pəncərələri və eyvanları var. Ümumi sahəsi 108.85 kv/m, mətbəxinin sahəsi isə 16 kv/m-dir. Mənzil mərkəzi istilik sistemi ilə təchiz olunub. Qaz, su və işıq daimidir. Binanın geniş həyəti var. İpotekaya tam yararlıdır, qiymətində razılaşmaq mümkündür",29,"Xırdalan
",,,,,,,,,,
1947569,2021-03-06,Yeni tikili,11 / 18,135 m²,3,var,240 000AZN,vasitəçi (agent),"TECILI SATILIR...Seherin merkezine yaxin Insaatcilar metrosunun ve Qelebe dairesinin yaxinliginda QAZLI+KUPCALI Binada 3 otaqli ela temirli menzil satilir.
Menzil gozel zovq ile temir olunub.
Menzilin temirinde bahali temir tikinti matreallarindan istifade olunub.
Binanin 24 saat muhavize olunan heyeti ve masin saxlamaq ucun dayanacagi var.
Menzil butun infrostrukturta cox yaxin yerlesir.
Etrafli melumat ucun elaqe saxlaya bilersiniz.
Real alici ile qiymetde razilasmaq olar.",27,"İnşaatçılar m.
"," Yasamal r.
",,,,,,,,,
1947567,2021-03-06,Yeni tikili,10 / 17,67 m²,2,yoxdur,133 000AZN,mülkiyyətçi,"

COX TECILI !!! QAZLI BINADA NERMANOV METROSUNA YAXIN RADNOY   _2_ otaqli padmayak menzil satilir.umumi sahesi _67_ kv binanin geniw heyeti ve yer alti qaraji var .bir sizle yawamli binadi.24 saat muhavize 2 lift blok kamera  mermer blok. v/s elave melumat ucun zeng vura bilersiniz.",45,"Nəriman Nərimanov m.
"," Nəriman Nərimanov parkı 
"," Nərimanov r.
",,,,,,,,
1947565,2021-03-06,Yeni tikili,14 / 18,37 m²,1,yoxdur,64 000AZN,vasitəçi (agent),"Təcili  Satılır...Binada  Qaz  var..
mt.28 May   pr.Azadlıq    1  otaq  pod  
mayaq  37  kv  mənzil  satılır...
Makler  və  Firmalar  narahat  etməsin..",33,"28 May m.
"," Neft Akademiyası 
"," Bakı Musiqi Akademiyası 
"," Səməd Vurğun parkı 
"," Milli Konservatoriya 
"," Nəsimi r.
",,,,,
1947564,2021-03-06,Yeni tikili,8 / 15,75 m²,2,yoxdur,88 800AZN,vasitəçi (agent),"Cox tecili..!!!Bineqedi rayon Nesimi bazarina yaxin Koala parkina yaxin 15 mertebeli yeni tikili binanin 8 ci mertebesinde 75 kv.molan podmayak menzil. 1 otaqdan 2 otaqa ideal peredelka olunub.1 kv metr= 1200 Azn
Tecilidir.Deyerinden çox çox aşağı qiymete satıram. Cıdır atçılıq merkezine panoraması var.Ofis haqqi 1 %",33,"Nəsimi bazarı 
"," Koala parkı 
"," Dostluq kinoteatrı 
"," Park Zorge 
"," Binəqədi r.
",,,,,,
1947559,2021-03-06,Köhnə tikili,2 / 5,60 m²,3,var,80 000AZN,vasitəçi (agent),"Xalqlar Dostluğu metrosunun yaxınlığında Golden Ring Şaqdlıq sarayının yanında Minsk layihəli binanın 2-ci mərtəbəsində yaxşı təmirli 3 otağa düzəlmə mənzil ƏŞYALARLA birlikdə satılır. Əşyasız qiymət fərqli olacaq. Bina çox rahat və əlverişli ərazidədir, ətrafında bağça, məktəb, supermarketlər, avtobus dayanacaqları və s. var. Mənzilin hər şəraiti var, qaz su işıq daimidir.  Sənədləri qaydasındadır, Çıxarış (KUPÇA) var.
Ofis haqqı 1%-dir. Əlavə məlumat üçün əlaqə saxlaya bilərsiniz.",51,"Nizami r.
",,,,,,,,,,
1947558,2021-03-06,Yeni tikili,11 / 16,85 m²,3,yoxdur,190 000AZN,vasitəçi (agent),"Təcili Satılır...
pr.Azadlıq 28 May metrosuna yaxın
super təmirli 3 otaq mənzil satılır...
Mənzil sənətdə 3 otaqdı...
Makler və Firmalar narahat etməsin..",29,"28 May m.
"," Neft Akademiyası 
"," Bakı Musiqi Akademiyası 
"," Səməd Vurğun parkı 
"," Milli Konservatoriya 
"," Nəsimi r.
",,,,,
1947556,2021-03-06,Yeni tikili,12 / 15,151 m²,3,var,240 000AZN,vasitəçi (agent),Təcili satılırr.Eziz ve deyerli müşdəriler size teqdim edeceyim menzir heqiqetende bu günkü ev bazarında en sərfəli ve ucuz qiymete teklif olunan menzildir.Şeherin tam merkezi.Nəsimi bazarı yaxınlığında.bahalı tikinti materiallarından isdifade olunub.Binada geniş heyet ve yer altı qaraj mövcüdür . Kupçalı.ZEHMET OLMASA MEZMUNU DEQİQ OXUYUN SUALARIVIZA CAVAB TAPACAQSINIZ,44,"Nəsimi bazarı 
"," Nəsimi r.
",,,,,,,,,
1947553,2021-03-06,Yeni tikili,14 / 17,86 m²,3,yoxdur,147 000AZN,vasitəçi (agent),"Təcili  Satılır...Binada  Qaz  var..
mt.28 May   pr.Azadlıq    3  otaq  pod  
mayaq  86  kv  mənzil  satılır...
Mənzil  tam  3 otaqdı  sənədə..
Makler  və  Firmalar  narahat  etməsin..",29,"28 May m.
"," Neft Akademiyası 
"," Bakı Musiqi Akademiyası 
"," Səməd Vurğun parkı 
"," Milli Konservatoriya 
"," Nəsimi r.
",,,,,
1943581,2021-03-06,Yeni tikili,15 / 22,86 m²,2,var,140 000AZN,vasitəçi (agent),"TƏCİLİ... KUPÇALI MƏNZİL.. Nəsimi Rayonu, S.Vurgun küçəsi və İnqilab küçəsinin kəsişməsi, Asan Xidmətə və Tibb Universitetinə yaxın, 2 Otaqlı, Kaspian Şirkətinə Məxsus bina, Nərgiz kliniksının üstü, Otaqlar geniş və işiqli,Pol Parket, Mətbəx mebeli, 2 açıq Eyvan, Otaqlardan və Mətbəxdən Eyvana Çıxış, Təmirli, 3 Ədəd sürətli lift, Baglı Geniş Həyət, Kamera sistemi, Yeraltı Qaraj,",517,"Tibb Universiteti 
"," Nəsimi r.
",,,,,,,,,
1888848,2021-03-06,Yeni tikili,5 / 24,183 m²,4,var,220 000AZN,vasitəçi (agent),Yasamal rayonu Lider kanalının yanı 24mertebeli binanın 5ci mertebesinde 183kv.metr 4otaqlı orta temirli yelceken menzil satılır.Binada cıxarış var.,26,"Yasamal r.
"," Yasamal q.
",,,,,,,,,
1947552,2021-03-06,Yeni tikili,3 / 10,52 m²,2,yoxdur,85 000AZN,mülkiyyətçi,"Nerimanov rayonunda Eliesref  Elizade 42 unvaninda yerlesen Tehsil nazirliyin arxasinda Baku city MMC yasayis kompleksi ( yasayisi ve hazir olan binada) 10/3 52kv 2 otaqli Podmayak menzil satilir. 
Pilot lahiye. Qapali heyet. 24 saat muhafize.
Yasilliq zonasi ve usaq meydancalari. Yeralti parking.
2 Finlandiya istehsali olan lift.
Mermer bloklar.
Istilik sistemi kombi.
Ehtiyyat generatorlar sistemi. Keyfiyyetli Turkiye istehsali olan plastik pencereler.
9 balliq zelzeleye davamliliq. Hundur tavan 3.5 m . Domofon.
keyfiyyetli fasad uzlenmesi. Gozel menzere.
Suretli fiber optik internet ve kabel televiziyasi. Binanin altinda boyuk ve taninmis gipermarket, usaq bagcasi, fitness zali yerlesecek
",2580,"Təhsil Nazirliyi 
"," Nərimanov r.
",,,,,,,,,
1947550,2021-03-06,Yeni tikili,4 / 18,130 m²,3,var,189 000AZN,vasitəçi (agent),"ÇOX TƏCİLİ!!!

QAZLİ VƏ ÇİXARİŞLİ!!!

Yeni tikili İnşaatçilar metrosunun yaninda yerləşir,yaxşi təmirli,mənzil butun mebel və texnikasi ilə satilir,istilik sistemi kombi,2lift,yeralti qaraj,24saat muhafizə və kamera sistemi,və s.

ОЧЕНЬ СРОЧНО!!!

ГАЗ И КУПЧАЯ ЕСТЬ!!!

Комплекс расположен около метро Иншаатчылар,ремонт хороший,квартира продается со всей мебелью и бытовой техникой,отопительная система комби,2лифта,круглосуточная охрана и видеонаблюдения,т.д.",58,"İnşaatçılar m.
"," Yasamal r.
",,,,,,,,,
1947549,2021-03-06,Yeni tikili,3 / 16,50 m²,2,yoxdur,73 000AZN,vasitəçi (agent),"- TƏCİLİ SATILIR
- Yasamal rayonu, Yeni Yasamalın mərkəzi, “Brend House” & “Bizim market” yanı
- İnşaatçılar m/s
- 16 mərtəbənin 3-cü mərtbəsi
- Otaq sayı: 2 otağa düzəlmə
- Sahəsi: 50 m²
- Qeyd: Yaxşı təmirlidir. Mənzilin gözəl proyekti var, geniş işıqlı mənzil. Qaz, su, işıq daimidir. Mənzilin sənədləri qaydasındadır – alqı satqıya hazırdır.
- Şəkillər mənzilə aiddir.
- Yaxınında dayanacaq, mağazalar, uşaq bağçaları, məktəblər və s. yerləşir.
- Qiymət: 73.000 ₼ - Real alıcıya endirim olacaq. Ofis haqqı 1% təşkil edir.
______________________________________________
-СРОЧНО!!!
-НОВОСТРОЙКА С ГАЗОМ И КУПЧЕЙ!!!
- Ясамалский район, Новый Ясамал, Рядом с магазинами ""Бренд Xaуcе"" и ""Бизим маркет""
- Иншаатчилар м/с
- 3-й этаж 16-и этажного дома
- Продается 2-х комнатная квартира .
- Общая площадь 50 кв/м .
- Квартира с хороший ремонтом. В квартире красивый дизайн, просторная светлая квартира. Газ, вода, свет постоянный. Документы на квартиру в порядке - покупка готова к продаже.
- Фотографии принадлежат квартире.
- Рядом много магазинов и государственных учреждений , а также вся инфраструктура.
- Охраняемая территория имеется двух этажная автомобильная парковка
- Цена:73.000 ₼ - Реальным покупателям будет скидка.
Комиссия офиса - 1%.",29,"Yasamal r.
"," Yeni Yasamal q.
",,,,,,,,,
1947548,2021-03-06,Yeni tikili,5 / 21,156 m²,3,var,285 000AZN,vasitəçi (agent),"QAZ + (KUPÇA)
ELMLƏR metrosuna yaxin HÜSEYİN CAVİD prospektində PREMIUM binada 3 otaqli TƏMİRSİZ. mənzil satılır. Binanın 5\21 mərtəbəsində yerləşir, ümumi sahəsi 156 kv/m. Binanın keyfiyyətinə söz yoxdur. Otaqlar genişdir, gözəl layihəsi var. yüksək İNFRASTRUKTURA malikdir. Böyük həyəti, 24 saat mühafizə xidməti, uşaq meydançası, 3 sürətli səssiz lift, 3 mərtəbəli yeralti parkinqi var. Başqa suallarnan bağlı əlaqə saxlaya bilərsiniz.

ГАЗ + (КУПЧА)
ближе метро ЕЛМЛЯР по проспект ГУСЕИН ДЖАВИД продается 3-х комнатная квартира ПОД/МAЯК в одном из PREMIUM зданий. Квартира расположено на 5\21 этаже здания, общей площадью 156 кв/м. Там нет упоминания о качестве здания. Номера большие и имеют хороший проект. развитая ИНФРАСТРУКТУРА. Большой двор, круглосуточная охрана, детская площадка, 3 скоростной лифт, 3-х етажный подземний паркинг. По другим вопросам можно связаться.",402,"Elmlər Akademiyası m.
"," Hüseyn Cavid parkı 
"," Yasamal r.
",,,,,,,,
1947546,2021-03-06,Yeni tikili,5 / 16,105 m²,3,yoxdur,156 000AZN,vasitəçi (agent),28-May metrosu Bravo marketin binasi 16-mertebenin 5-ci mertebesi 2-otaqli 3-otaga duzelmesi olan sahesi 105 kv metr olan padmayakt menzil 156000 azn satilir elaqe nomresi ZAMIN ,29,"Bakı Slavyan Universiteti 
"," Şərq bazarı 
"," 28 May m.
"," Nəsimi r.
",,,,,,,
1947545,2021-03-06,Yeni tikili,6 / 9,144 m²,3,var,209 000AZN,vasitəçi (agent),"(KUPÇA)+QAZ. IPOTEKAYA YARARLI.
KOROGLU heykəlinə yaxin 3 otaqlı TƏMİRSİZ mənzil satılır. Mənzil binanın 6\9 mərtəbəsində yerləşir, sahəsi 144 kv/m. Binanın cox gözəl görnüşü var. Otaqlar genişdir və günəş işıqlariynan əhatə olunub. İNFRASTRUKTUR cəhətdən əlverişli yerdədir. Sürətli səssiz lifti, 24 saat mühafizə xidməti var. Başqa suallarnan bağlı əlaqə saxlaya bilərsiniz.

(КУПЧА)+ГАЗ. МОЖНО ИПОТЕКОЙ.
ближе помятник КОРОГЛЫ 3-х комнатная квартира ПОД/МОЯК на продажу. Квартира расположена на 6/9 этаже здания и состоит из 144 кв/м. Здание имеет очень красивый вид. Комнаты были просторные и залиты солнечным светом. ИНФРАСТРУКТУРА находится в удобном месте. Есть скоростной лифт, круглосуточная охрана. Вы можете поддерживать связь с другими вопросами.",1099,"Nəsimi bazarı 
"," Koala parkı 
"," Dostluq kinoteatrı 
"," Nəsimi r.
",,,,,,,
1947543,2021-03-06,Yeni tikili,12 / 14,146 m²,4,var,245 000AZN,vasitəçi (agent),"KUPÇA+QAZ. İPOTEKAYA YARARLİ.
HƏSƏN ƏLİYEV prospektində TİBB UNİVERSİTETİNƏ yaxin 4 otaqli (3 OTAQDAN DÜZƏLİB__1-Cİ İŞİQLA) TƏMİRLİ mənzil satılır. Binanın 12\14 mərtəbəsində yerləşir, ümumi sahəsi 146 kv/m. Mənzil geniş və rahatdır. Döşəmə parket, mətbəxt mebeli yıgılıb+avadanlıqlarnan. İNFRASTRUKTUR cəhətdən əlverişli yerdədir. 2 sürətli lift, 2 mərtəbəli yeraltı qaraj, böyük həyət, uşaq bagçası. Başqa suallarnan bağlı əlaqə saxlaya bilərsiniz.

КУПЧА+ГАЗ. МОЖНО ИПОТЕКОЙ.
по проспект ГАСАН АЛИЕВ ближе МЕД УНИВЕРСИТЕТ продается 4-х комнатная (ПЕРЕДЕЛОНА ИЗ 3-Х__С ПЕРВЫМ СВЕТОМ) квартира С РЕМОНТОМ. расположена на 12\14 этаже здания, общая площадь 146 кв/м. Квартира просторная и уютная. Паркетный пол, кухонная мебель+принадлежности. ИНФРАСТРУКТУРА выгодном месте. 2 скоростных лифта, 2-х этажный подземный гараж, большой двор, детская площадка. По другим вопросам можно связаться.",307,"Tibb Universiteti 
"," Nəsimi r.
",,,,,,,,,
1947542,2021-03-06,Yeni tikili,12 / 18,170 m²,4,var,300 000AZN,vasitəçi (agent),"Nesimi rayonu, 4-cu mkrn Huseyin Seyidzade kucesi yeni tikilide Qazli ve Kupcali Binada 18/12   170 kv 4 otaqli super temirli menzil satilir. Skvaznoydur. Temirden sonra yasayis olmayib. ",31,"Memar Əcəmi m.
"," Nəsimi r.
",,,,,,,,,
1947541,2021-03-06,Yeni tikili,5 / 15,157 m²,4,yoxdur,235 000AZN,vasitəçi (agent),"TƏCİLİ...TƏCİLİ...
QAZ var. KUPÇA verilir. TƏMİRSİZ. NƏRİMANOV r. Xarici Dillər Universitetinə yaxin 4 otaqlı mənzil satılır. Mənzil binanın 5/15 mərtəbəsində yerləşir, sah'si 157 kv/m. Binanın cox gözəl görnüşü var. Otaqlar genişdir və günəş işıqlarıynan əhatə olunub. İNFRASTRUKTUR cəhətdən əlverişli yerdədir. Böyük həyəti, 2 səssiz lifti, 2 mərtəbəli yeralti qaraji, 24 saat mühafizə xidməti, uşaq meydançası var. 

СРОЧНО...СРОЧНО...
ГАЗ есть. КУПЧИИ выдают. ПОД/МАЯК.
НАРИМАНОВ р. ближе УНИВЕРСИТЕТ ИНОСТРАННЫХ ЯЗЫК 4-х комнатная квартира на продажу. Квартира расположена на 5/15 этаже здания, состоит из 157 кв/м. Здание имеет очень красивый вид. Комнаты были просторные и залиты солнечным светом. ИНФРАСТРУКТУРА находится в удобном месте. Есть отличный двор, 2 скоростной лифт, 2-х етажный подземний гараж, круглосуточная охрана, детская площадка.",1038,"Təhsil Nazirliyi 
"," Nərimanov r.
",,,,,,,,,
1933673,2021-03-06,Yeni tikili,16 / 16,37 m²,1,yoxdur,75 000AZN,vasitəçi (agent),"Təcili  Satılır...
mt.28  May   pr.Azadlıq   təmirli   1  otaq  
mənzil  satılır...Mənzil  mətbəxt  studiyadı..
Makler  və  Firmalar  narahat  etməsin...",30,"28 May m.
"," Neft Akademiyası 
"," Bakı Musiqi Akademiyası 
"," Səməd Vurğun parkı 
"," Milli Konservatoriya 
"," Nəsimi r.
",,,,,
1947538,2021-03-06,Yeni tikili,2 / 16,84 m²,2,var,150 000AZN,vasitəçi (agent),"Mətbuat PR şəhərin tanınmış yaşayış kompleksi olan Shokolad Tower 2 otaq mənzil təcili satılır. 
XÜSUSİ QEYD. hərkəsin bildiyi kimi müqavilə ile kupca arasında kv fərqi var.  bu menzilde oldugu kimi.  2 otaqlı mənzilin müqaviləsində 84.5. Kupcada isə 74,5 qeyd olunub.

Menzil dupleksdir isteyen olsa her iki menzili satmaq olar 2-3 cu mertebeler",41,"Yasamal bazarı 
"," Yasamal r.
",,,,,,,,,
1933661,2021-03-06,Yeni tikili,15 / 17,141 m²,4,var,268 000AZN,vasitəçi (agent),"QAZ+KUPÇA. İPOTEKAYA YARARLİ.
MEMAR ƏCƏMİ metrosuna yaxin ELİT binada 4 otaqli ƏLA TƏMİRLİ mənzil satılır. Binanın 15\17 mərtəbəsində yerləşir, sahəsi 141 kv/m. Təmirdə keyfiyyətli tikinti materiallardan istifadə olunub. Binanın keyfiyyətinə söz yoxdur. Otaqlar genişdir, gözəl layihəsi var. Döşəmə parket, bahalı kafellərdən, bahalı qapılardan, gözəl görnüşlü divar kagizlarindan, mətbəxt mebeli+avadanlıqlardan, hamamda kabina+aksesuarlardan, divarlarda dekorlardan istifadə olunub. yüksək İNFRASTRUKTURA malikdir. Böyük həyəti, 24 saat mühafizə xidməti, uşaq meydançası, 2 sürətli səssiz lift, 2 mərtəbəli yeralti parkinqi var. Başqa suallarnan bağlı əlaqə saxlaya bilərsiniz.

ГАЗ+КУПЧА. МОЖНО ИПОТЕКОЙ.
ближе метро МЕМАР АДЖЕМИ продается 4-х комнатная квартира СУПЕР РЕМОНТОМ в ЕЛИТНОМ здание. Квартира расположено на 15\17 этаже здания, общей площадью 141 кв/м. Квартира была отремонтирована на высоком уровне и качественные строительные материалы были использованы для ремонта. Там нет упоминания о качестве здания. Номера большие и имеют хороший проект. Паркетный пол, дорогие кафели, дорогие двери, красивые обои, кухонная мебель+принадлежности, кабина+аксесуары, декоры на стенах. развитая ИНФРАСТРУКТУРА. Большой двор, 24 часа охрана, детская площадка, 2 скоросной лифт, 2-х этажный подземный гараж. По другим вопросам можно связаться.",92,"Memar Əcəmi m.
"," Nəsimi r.
",,,,,,,,,
1934249,2021-03-06,Yeni tikili,12 / 19,204 m²,4,var,470 000AZN,vasitəçi (agent),TECILI SATILIR....Seherin en goze yerinde ve en gozel binalarindan olan Copitol Towers yasayis binasinda 4 otaqli yarimciq temirli menzil satilir.Menzil butun infrostruktura cox yaxin yerlesir.Menzilde 70 faiz temir isleri gorulub.Elave melumat ucun elaqe saxlaya bilersiniz.Real alic ile qiymet de razilasmaq olar.,29,"Dövlət Statistika Komitəsi 
"," İncəsənət və Mədəniyyət Un. 
"," Nizami m.
"," Yasamal r.
",,,,,,,
1947535,2021-03-06,Yeni tikili,6 / 16,112 m²,2,var,151 200AZN,vasitəçi (agent),"Azadlıq pr.-ti ilə Həsən Əliyev küçələrinin kəsişməsində, 16 mərtəbəli binanın 6-cı mərtəbəsində, geniş və işıqlı, 2 otaqlı, 112 kv.m. sahəli, kupçalı, podmayak mənzil satılır. Mənzilin layihəsi onu rahatlıqla 3 otaqlıya çevirməyə imkan verir. Şəhərin bütün istiqamətlərinə hərəkət edən avtobus və avtomobil yollarının üstü, iri marketlərin, müxtəlif iaşə obyektlərinin yaxınlığı, məktəb, bağça, fitness, gözəllik, sağlamlıq mərkəzlərinin yaxınlığı binanın üstünlüklərindəndir.",28,"Neftçi bazası 
"," TQDK 
"," Nərimanov r.
",,,,,,,,
1947533,2021-03-06,Köhnə tikili,5 / 7,67 m²,2,var,110 000AZN,vasitəçi (agent),Nerimanov heykeli yaxinliginda 7 mertebeli Eksperimental layiheli binanin 5-ci mertebesinde yerlesen 2 otaqli menzil satilir. Etrafli melumat ucun zeng edin.,32,"Nərimanov heykəli 
"," Sovetski 
"," Axundov bağı 
"," İçəri Şəhər m.
"," Yasamal r.
",,,,,,
1947531,2021-03-06,Yeni tikili,17 / 19,128 m²,3,var,166 000AZN,vasitəçi (agent),"Təcili!!! İnşaatçılar metrosunun yaxınlığı, Asan Xidmət və Araz marketin yanında 19 mərtəbəli yeni tiki binanın 17-ci mərtəbəsi 126 kv, Qanuni 3 otaqlı, təmirli mənzil çox təcili Əlimyandıda satılır. Mənzil təcili satıldığı üçün qiymət endirildi.. Sənədləri qaydasındadır, Kupçalıdır. Qaz, su, işıq daimidir. ",51,"Bakı Dövlət Universiteti 
"," Yasamal r.
",,,,,,,,,
1947528,2021-03-06,Yeni tikili,4 / 10,70 m²,3,var,68 500AZN,vasitəçi (agent),"Masazır qəsəbəsi, Yeni Bakı yaşayış kompleksində QAZLI VƏ KUPÇALI 10 mərtəbəli binanın 4-cü mərtəbəsində ümumi yaşayış sahəsi 70 kv/metr olan 3 otağa düzəldilmiş mənzil satılır. Mənzil açıq balkonu var. 4331. Binada qaz, su, işıq daimidir, lift işləkdir. Binanın abadlaşdırılmış geniş həyəti, 24 saat müşahidə və mühafizə xidməti, daimi təmizlənən ərazisi, yeraltı qarajı var. Məktəb, uşaq bağçası, marketler, idman kompleksləri, kurslar, avtobus dayanacağı və s. binaya çox yaxın məsafədədir.",26,"Abşeron r.
"," Masazır q.
",,,,,,,,,
1947523,2021-03-06,Köhnə tikili,3 / 5,120 m²,3,var,182 000AZN,vasitəçi (agent),təci̇li̇  satilir  3 otaq  i̇çəri̇  şəhər metrosunun və axundov baxin  yani  daş bi̇na tavanlari hündür  zal 30 kv geni̇ş mətbəxi̇ və xolu var hal  hazirda mənzi̇ldə yaşayiş yoxdur alqi satqi  zamani açarlar veri̇ləcək  gi̇ri̇ş blokdandir balkon yola baxir,38,"İçəri Şəhər m.
"," Qubernator parkı 
"," Dövlət İdarəçilik Akademiyası 
"," İqsadiyyat Universiteti 
"," Prezident parkı 
"," Axundov bağı 
"," İçəri Şəhər 
"," M.Ə.Sabir parkı 
"," Azneft meydanı 
"," Şəlalə parkı 
"," Səbail r.
"
